episode,episode_iri,chunk_id,chunk_type,start_seconds,end_seconds,topic_label,candidate_text,type_guess,confidence,context
TGS-127-EdConway,tgs:Interview.TGS_127_EdConway,TGS127_chunk_01,topic_anchored,0,83,"Edmund Conway Works + Info, Material World: The Six Raw Materials That Shape Modern Civilization",Edmund Conway,Person,0.96,"""Today's guest is Edmund Conway, who is an economics journalist for Sky News"" — rendered as 'Ed Conway' later in the same chunk and in episode metadata as 'Ed Conway'"
TGS-127-EdConway,tgs:Interview.TGS_127_EdConway,TGS127_chunk_01,topic_anchored,0,83,"Edmund Conway Works + Info, Material World: The Six Raw Materials That Shape Modern Civilization",Ed Conway,Person_NAME_VARIANT_CONFLICT,0.95,"""We did more of the same at a deeper level here with Ed Conway"" — short form of 'Edmund Conway' used in same chunk and in episode title metadata"
TGS-127-EdConway,tgs:Interview.TGS_127_EdConway,TGS127_chunk_01,topic_anchored,0,83,"Edmund Conway Works + Info, Material World: The Six Raw Materials That Shape Modern Civilization",Nate Hagens,Person,0.97,"Host speaker label; guest says ""really good to talk to you, Nate"""
TGS-127-EdConway,tgs:Interview.TGS_127_EdConway,TGS127_chunk_01,topic_anchored,0,83,"Edmund Conway Works + Info, Material World: The Six Raw Materials That Shape Modern Civilization",Sky News,Organization,0.95,"""an economics journalist for Sky News in England"""
TGS-127-EdConway,tgs:Interview.TGS_127_EdConway,TGS127_chunk_01,topic_anchored,0,83,"Edmund Conway Works + Info, Material World: The Six Raw Materials That Shape Modern Civilization",The Times,Work_Publication,0.9,"""written for many other publications like The Times"""
TGS-127-EdConway,tgs:Interview.TGS_127_EdConway,TGS127_chunk_01,topic_anchored,0,83,"Edmund Conway Works + Info, Material World: The Six Raw Materials That Shape Modern Civilization",The New Statesman,Work_Publication,0.92,listed among publications Conway has written for
TGS-127-EdConway,tgs:Interview.TGS_127_EdConway,TGS127_chunk_01,topic_anchored,0,83,"Edmund Conway Works + Info, Material World: The Six Raw Materials That Shape Modern Civilization",The Daily Telegraph,Work_Publication,0.93,listed among publications Conway has written for
TGS-127-EdConway,tgs:Interview.TGS_127_EdConway,TGS127_chunk_01,topic_anchored,0,83,"Edmund Conway Works + Info, Material World: The Six Raw Materials That Shape Modern Civilization",London School of Economics,Organization,0.94,"""lectured on international monetary system at the London School of Economics"""
TGS-127-EdConway,tgs:Interview.TGS_127_EdConway,TGS127_chunk_01,topic_anchored,0,83,"Edmund Conway Works + Info, Material World: The Six Raw Materials That Shape Modern Civilization",U. S. Treasury,Organization,0.9,"""the London School of Economics, the U. S. Treasury, and many other places"""
TGS-127-EdConway,tgs:Interview.TGS_127_EdConway,TGS127_chunk_01,topic_anchored,0,83,"Edmund Conway Works + Info, Material World: The Six Raw Materials That Shape Modern Civilization",National Institute for Economic and Social Research,Organization,0.93,"""He's the governor of the National Institute for Economic and Social Research in England"""
TGS-127-EdConway,tgs:Interview.TGS_127_EdConway,TGS127_chunk_01,topic_anchored,0,83,"Edmund Conway Works + Info, Material World: The Six Raw Materials That Shape Modern Civilization",England,Location,0.92,"""economics journalist for Sky News in England"""
TGS-127-EdConway,tgs:Interview.TGS_127_EdConway,TGS127_chunk_01,topic_anchored,0,83,"Edmund Conway Works + Info, Material World: The Six Raw Materials That Shape Modern Civilization",UK,Location,0.9,"""You are an economics journalist based in the UK"""
TGS-127-EdConway,tgs:Interview.TGS_127_EdConway,TGS127_chunk_01,topic_anchored,0,83,"Edmund Conway Works + Info, Material World: The Six Raw Materials That Shape Modern Civilization",Teal World,Work_Publication_LIKELY_ASR_ERROR,0.35,"""author of three books, including most recently, Teal World"" — almost certainly a mis-transcription of 'Material World', the book named later in the chunk and in episode metadata"
TGS-127-EdConway,tgs:Interview.TGS_127_EdConway,TGS127_chunk_01,topic_anchored,0,83,"Edmund Conway Works + Info, Material World: The Six Raw Materials That Shape Modern Civilization",Material World,Work_Publication,0.95,"""you also recently wrote a book called Material World that covers six materials"""
TGS-127-EdConway,tgs:Interview.TGS_127_EdConway,TGS127_chunk_01,topic_anchored,0,83,"Edmund Conway Works + Info, Material World: The Six Raw Materials That Shape Modern Civilization",economist best book of the year,Award_Recognition,0.5,"""which was an economist best book of the year"" — likely refers to The Economist's best books of the year list; capitalization/attribution unclear in transcript"
TGS-127-EdConway,tgs:Interview.TGS_127_EdConway,TGS127_chunk_01,topic_anchored,0,83,"Edmund Conway Works + Info, Material World: The Six Raw Materials That Shape Modern Civilization",Olivia Lazard,Person,0.88,"""we've had Olivia Lazard and Simon Michaud on to talk about ... the material requirements for a renewable future"""
TGS-127-EdConway,tgs:Interview.TGS_127_EdConway,TGS127_chunk_01,topic_anchored,0,83,"Edmund Conway Works + Info, Material World: The Six Raw Materials That Shape Modern Civilization",Simon Michaud,Person_LIKELY_ASR_ERROR,0.55,"""Olivia Lazard and Simon Michaud on"" — likely mis-rendering of 'Simon Michaux', a researcher on mineral requirements for the energy transition; spelling in transcript may be an ASR artifact"
TGS-127-EdConway,tgs:Interview.TGS_127_EdConway,TGS127_chunk_01,topic_anchored,0,83,"Edmund Conway Works + Info, Material World: The Six Raw Materials That Shape Modern Civilization",sand,Material,0.93,"one of the ""six materials that underpin the modern world"""
TGS-127-EdConway,tgs:Interview.TGS_127_EdConway,TGS127_chunk_01,topic_anchored,0,83,"Edmund Conway Works + Info, Material World: The Six Raw Materials That Shape Modern Civilization",salt,Material,0.93,listed among the six materials
TGS-127-EdConway,tgs:Interview.TGS_127_EdConway,TGS127_chunk_01,topic_anchored,0,83,"Edmund Conway Works + Info, Material World: The Six Raw Materials That Shape Modern Civilization",lithium,Material,0.93,listed among the six materials
TGS-127-EdConway,tgs:Interview.TGS_127_EdConway,TGS127_chunk_01,topic_anchored,0,83,"Edmund Conway Works + Info, Material World: The Six Raw Materials That Shape Modern Civilization",copper,Material,0.93,listed among the six materials
TGS-127-EdConway,tgs:Interview.TGS_127_EdConway,TGS127_chunk_01,topic_anchored,0,83,"Edmund Conway Works + Info, Material World: The Six Raw Materials That Shape Modern Civilization",oil,Material,0.9,listed among the six materials
TGS-127-EdConway,tgs:Interview.TGS_127_EdConway,TGS127_chunk_01,topic_anchored,0,83,"Edmund Conway Works + Info, Material World: The Six Raw Materials That Shape Modern Civilization",iron,Material,0.93,listed among the six materials
TGS-127-EdConway,tgs:Interview.TGS_127_EdConway,TGS127_chunk_01,topic_anchored,0,83,"Edmund Conway Works + Info, Material World: The Six Raw Materials That Shape Modern Civilization",complexity,Concept,0.7,"""I kept thinking to myself, complexity, man, the complexity of our system is so Byzantine"""
TGS-127-EdConway,tgs:Interview.TGS_127_EdConway,TGS127_chunk_02,topic_anchored,83,233,"Olivia Lazard + TGS Episode, Michael Michaux + TGS Episodes",Ed Conway,Person,0.98,"Speaker label; guest of the episode, journalist with economics journalism background"
TGS-127-EdConway,tgs:Interview.TGS_127_EdConway,TGS127_chunk_02,topic_anchored,83,233,"Olivia Lazard + TGS Episode, Michael Michaux + TGS Episodes",Harvard,Organization,0.93,"""I did a course at Harvard"" — university where he studied economics"
TGS-127-EdConway,tgs:Interview.TGS_127_EdConway,TGS127_chunk_02,topic_anchored,83,233,"Olivia Lazard + TGS Episode, Michael Michaux + TGS Episodes","I, Pencil",Work_Publication,0.95,"""this essay called I, Pencil"" — essay he read early in studying economics"
TGS-127-EdConway,tgs:Interview.TGS_127_EdConway,TGS127_chunk_02,topic_anchored,83,233,"Olivia Lazard + TGS Episode, Michael Michaux + TGS Episodes",Leonard Reed,Person,0.8,"""it's by a guy called Leonard Reed in the 1950s"" — author of I, Pencil; commonly rendered 'Leonard Read', so transcript spelling may be an ASR/spelling variant"
TGS-127-EdConway,tgs:Interview.TGS_127_EdConway,TGS127_chunk_02,topic_anchored,83,233,"Olivia Lazard + TGS Episode, Michael Michaux + TGS Episodes",economics,Concept,0.7,"""my background is in economics journalism""; field he taught himself and studied"
TGS-127-EdConway,tgs:Interview.TGS_127_EdConway,TGS127_chunk_02,topic_anchored,83,233,"Olivia Lazard + TGS Episode, Michael Michaux + TGS Episodes",English literature,Concept,0.7,"""initially I studied like English literature at university"""
TGS-127-EdConway,tgs:Interview.TGS_127_EdConway,TGS127_chunk_03,topic_anchored,233,292,"I, Pencil","I, Pencil",Work_Publication,0.8,Curator-supplied chunk topic; the essay being discussed — 'just telling the story of how a pencil is made from the first person'. The title itself is not spoken verbatim in this chunk but the essay is clearly the referent ('this essay').
TGS-127-EdConway,tgs:Interview.TGS_127_EdConway,TGS127_chunk_03,topic_anchored,233,292,"I, Pencil",Milton Friedman,Person,0.97,"'including Milton Friedman, who championed this essay'"
TGS-127-EdConway,tgs:Interview.TGS_127_EdConway,TGS127_chunk_03,topic_anchored,233,292,"I, Pencil",Cold War,Event,0.95,'it was written in the height of the Cold War'
TGS-127-EdConway,tgs:Interview.TGS_127_EdConway,TGS127_chunk_03,topic_anchored,233,292,"I, Pencil",central planning,Concept,0.85,'a really good example of why central planning was not the answer'
TGS-127-EdConway,tgs:Interview.TGS_127_EdConway,TGS127_chunk_03,topic_anchored,233,292,"I, Pencil",free markets,Concept,0.85,'why free markets were the answer'
TGS-127-EdConway,tgs:Interview.TGS_127_EdConway,TGS127_chunk_03,topic_anchored,233,292,"I, Pencil",invisible hand,Concept,0.9,"'because with free markets, they could, with the invisible hand, architects, this incredibly complex piece of machinery'"
TGS-127-EdConway,tgs:Interview.TGS_127_EdConway,TGS127_chunk_03,topic_anchored,233,292,"I, Pencil",Brexit,Event,0.95,"'it was for a totally unrelated story, something about Brexit'"
TGS-127-EdConway,tgs:Interview.TGS_127_EdConway,TGS127_chunk_03,topic_anchored,233,292,"I, Pencil",European Union,Organization,0.95,"'we had, I think, just voted to, to leave the European Union at the time in the UK'"
TGS-127-EdConway,tgs:Interview.TGS_127_EdConway,TGS127_chunk_03,topic_anchored,233,292,"I, Pencil",UK,Location,0.95,'the export figures for the UK'; also rendered lowercase as 'uk' later in the chunk ('a lot of gold flows in and outta the uk') — same entity
TGS-127-EdConway,tgs:Interview.TGS_127_EdConway,TGS127_chunk_03,topic_anchored,233,292,"I, Pencil",Switzerland,Location,0.93,'it looks like we're trading a lot with Switzerland'
TGS-127-EdConway,tgs:Interview.TGS_127_EdConway,TGS127_chunk_03,topic_anchored,233,292,"I, Pencil",Nevada,Location,0.93,'I went to a gold mine in Nevada and just. Trace that supply chain'
TGS-127-EdConway,tgs:Interview.TGS_127_EdConway,TGS127_chunk_03,topic_anchored,233,292,"I, Pencil",gold standard,Concept,0.85,"'it's like a hangover from empire, I guess, and the gold standard'"
TGS-127-EdConway,tgs:Interview.TGS_127_EdConway,TGS127_chunk_03,topic_anchored,233,292,"I, Pencil",gold,Material,0.9,'that's how we get gold'; discussed as a physically traded and mined material
TGS-127-EdConway,tgs:Interview.TGS_127_EdConway,TGS127_chunk_03,topic_anchored,233,292,"I, Pencil",fiber optics,Material,0.88,'You need fiber optics because without the fiber optics ... you don't have the internet'
TGS-127-EdConway,tgs:Interview.TGS_127_EdConway,TGS127_chunk_03,topic_anchored,233,292,"I, Pencil",steel,Material,0.9,'You need steel because you need structures within which people are going to live'
TGS-127-EdConway,tgs:Interview.TGS_127_EdConway,TGS127_chunk_03,topic_anchored,233,292,"I, Pencil",fertilizers,Material,0.85,"'You need fertilizers, you need concrete, you need all of these things'"
TGS-127-EdConway,tgs:Interview.TGS_127_EdConway,TGS127_chunk_03,topic_anchored,233,292,"I, Pencil",concrete,Material,0.85,"'you need concrete, you need all of these things'"
TGS-127-EdConway,tgs:Interview.TGS_127_EdConway,TGS127_chunk_03,topic_anchored,233,292,"I, Pencil",GDP,Concept,0.9,"'when you look at GDP, like measure like gross domestic product'"
TGS-127-EdConway,tgs:Interview.TGS_127_EdConway,TGS127_chunk_03,topic_anchored,233,292,"I, Pencil",gross domestic product,Concept,0.85,'like measure like gross domestic product' — spelled-out variant of GDP in the same sentence
TGS-127-EdConway,tgs:Interview.TGS_127_EdConway,TGS127_chunk_03,topic_anchored,233,292,"I, Pencil",supply chain,Concept,0.75,'it's an incredibly complex supply chain'
TGS-127-EdConway,tgs:Interview.TGS_127_EdConway,TGS127_chunk_08_filler,filler,528,608,,Nate Hagens,Person,0.98,Host speaking in the transcript
TGS-127-EdConway,tgs:Interview.TGS_127_EdConway,TGS127_chunk_08_filler,filler,528,608,,Ed Conway,Person,0.98,"Guest, author of the book being discussed"
TGS-127-EdConway,tgs:Interview.TGS_127_EdConway,TGS127_chunk_08_filler,filler,528,608,,Material World,Work_Publication,0.75,Episode title references the book; in-chunk Ed refers to 'my book' and 'the sections of my book' without naming it
TGS-127-EdConway,tgs:Interview.TGS_127_EdConway,TGS127_chunk_08_filler,filler,528,608,,sand,Material,0.95,'let's start with sand' — one of the six materials in the book
TGS-127-EdConway,tgs:Interview.TGS_127_EdConway,TGS127_chunk_08_filler,filler,528,608,,salt,Material,0.93,"'There's sand, there's salt, there's iron and copper, oil and lithium'"
TGS-127-EdConway,tgs:Interview.TGS_127_EdConway,TGS127_chunk_08_filler,filler,528,608,,iron,Material,0.93,listed among the six materials of the book
TGS-127-EdConway,tgs:Interview.TGS_127_EdConway,TGS127_chunk_08_filler,filler,528,608,,copper,Material,0.93,listed among the six materials of the book
TGS-127-EdConway,tgs:Interview.TGS_127_EdConway,TGS127_chunk_08_filler,filler,528,608,,oil,Material,0.9,listed among the six materials of the book
TGS-127-EdConway,tgs:Interview.TGS_127_EdConway,TGS127_chunk_08_filler,filler,528,608,,lithium,Material,0.93,listed among the six materials of the book
TGS-127-EdConway,tgs:Interview.TGS_127_EdConway,TGS127_chunk_08_filler,filler,528,608,,glass,Material,0.95,"'I chose glass, is obviously melted sand'"
TGS-127-EdConway,tgs:Interview.TGS_127_EdConway,TGS127_chunk_08_filler,filler,528,608,,silica sand,Material,0.88,"'So silica sand, that's pretty high in silica content'"
TGS-127-EdConway,tgs:Interview.TGS_127_EdConway,TGS127_chunk_08_filler,filler,528,608,,silicon,Material,0.9,'follow the journey of that silicon atom all the way around the world'
TGS-127-EdConway,tgs:Interview.TGS_127_EdConway,TGS127_chunk_08_filler,filler,528,608,,silicon chips,Technology,0.9,'We still need glass in its incredibly advanced forms to make silicon chips'
TGS-127-EdConway,tgs:Interview.TGS_127_EdConway,TGS127_chunk_08_filler,filler,528,608,,fiber optics,Technology,0.88,'You need glass in the form of fiber optics ... for us to communicate'
TGS-127-EdConway,tgs:Interview.TGS_127_EdConway,TGS127_chunk_08_filler,filler,528,608,,iPencil,Work_Publication,0.5,"'I wanted to do iPencil for silicon chips' — likely a reference to the essay 'I, Pencil'; rendering as 'iPencil' may be an ASR/transcription artifact"
TGS-127-EdConway,tgs:Interview.TGS_127_EdConway,TGS127_chunk_08_filler,filler,528,608,,The Glass Famine,Event,0.85,"'this episode, The Glass Famine, that happened in 1915'"
TGS-127-EdConway,tgs:Interview.TGS_127_EdConway,TGS127_chunk_08_filler,filler,528,608,,World War I,Event,0.95,"'in the world, World War I' — also 'Then comes World War I'"
TGS-127-EdConway,tgs:Interview.TGS_127_EdConway,TGS127_chunk_08_filler,filler,528,608,,UK,Location,0.95,"'in the UK, to be one of the world's biggest glass manufacturers'"
TGS-127-EdConway,tgs:Interview.TGS_127_EdConway,TGS127_chunk_08_filler,filler,528,608,,Britain,Location,0.9,'Britain was importing 60 percent of its binoculars and optics from Germany' — same polity as 'UK' mentioned in chunk
TGS-127-EdConway,tgs:Interview.TGS_127_EdConway,TGS127_chunk_08_filler,filler,528,608,,Germany,Location,0.95,'a lot of glass production shifted to Germany'
TGS-127-EdConway,tgs:Interview.TGS_127_EdConway,TGS127_chunk_08_filler,filler,528,608,,Zeiss,Organization,0.92,'the world's best lenses are being made by Zeiss in Jena'
TGS-127-EdConway,tgs:Interview.TGS_127_EdConway,TGS127_chunk_08_filler,filler,528,608,,Jena,Location,0.88,"'made by Zeiss in, Jena'"
TGS-127-EdConway,tgs:Interview.TGS_127_EdConway,TGS127_chunk_08_filler,filler,528,608,,Copernicus,Person,0.85,'It helps Copernicus to understand the universe' — speaker immediately self-corrects to Galileo
TGS-127-EdConway,tgs:Interview.TGS_127_EdConway,TGS127_chunk_08_filler,filler,528,608,,Galileo,Person,0.88,'or Galileo rather' — correction of the Copernicus reference
TGS-127-EdConway,tgs:Interview.TGS_127_EdConway,TGS127_chunk_08_filler,filler,528,608,,Victorian period,HistoricalPeriod,0.85,"'at the point of the kind of, in the Victorian period, the UK used to be a really big producer of glass'"
TGS-127-EdConway,tgs:Interview.TGS_127_EdConway,TGS127_chunk_08_filler,filler,528,608,,general purpose technology,Concept,0.7,'to some extent it's like a general purpose technology'
TGS-127-EdConway,tgs:Interview.TGS_127_EdConway,TGS127_chunk_08_filler,filler,528,608,,supply and demand curves,Concept,0.65,'See it beyond supply and demand curves' — economics teaching concept
TGS-127-EdConway,tgs:Interview.TGS_127_EdConway,TGS127_chunk_08_filler,filler,528,608,,GDP,Concept,0.75,'glass wasn't a massive part of our GDP back then'
TGS-127-EdConway,tgs:Interview.TGS_127_EdConway,TGS127_chunk_08_filler,filler,528,608,,binoculars,Artifact,0.7,'where are binoculars gonna come from?' — key optical good in the Glass Famine story
TGS-127-EdConway,tgs:Interview.TGS_127_EdConway,TGS127_chunk_13_filler,filler,840,966,,Nate Hagens,Person,0.98,Host speaker label in transcript
TGS-127-EdConway,tgs:Interview.TGS_127_EdConway,TGS127_chunk_13_filler,filler,840,966,,Ed Conway,Person,0.98,Guest speaker label; author of Material World
TGS-127-EdConway,tgs:Interview.TGS_127_EdConway,TGS127_chunk_13_filler,filler,840,966,,UK,Location,0.95,'this thing's got very desperate for the UK' — also referred to as 'the British'
TGS-127-EdConway,tgs:Interview.TGS_127_EdConway,TGS127_chunk_13_filler,filler,840,966,,Germans,Nationality_Group,0.85,'we sent spies to do a deal with the Germans to buy binoculars off them'
TGS-127-EdConway,tgs:Interview.TGS_127_EdConway,TGS127_chunk_13_filler,filler,840,966,,Malaya,Location,0.92,"'the UK, through its plantations in Malaya, controlled a lot of the global supply of rubber'"
TGS-127-EdConway,tgs:Interview.TGS_127_EdConway,TGS127_chunk_13_filler,filler,840,966,,National Archives,Organization,0.9,'the documents are there in the National Archives in the UK'
TGS-127-EdConway,tgs:Interview.TGS_127_EdConway,TGS127_chunk_13_filler,filler,840,966,,Zeiss,Organization,0.9,'in exchange for some Zeiss binoculars' — German optics maker
TGS-127-EdConway,tgs:Interview.TGS_127_EdConway,TGS127_chunk_13_filler,filler,840,966,,Switzerland,Location,0.9,'that spy going off to Switzerland to do a deal with the Germans'
TGS-127-EdConway,tgs:Interview.TGS_127_EdConway,TGS127_chunk_13_filler,filler,840,966,,US,Location,0.85,"'relevant to the UK, relevant to the US as well'"
TGS-127-EdConway,tgs:Interview.TGS_127_EdConway,TGS127_chunk_13_filler,filler,840,966,,TSMC,Organization,0.95,'people who work in like TSMC or Intel' — semiconductor fabricator
TGS-127-EdConway,tgs:Interview.TGS_127_EdConway,TGS127_chunk_13_filler,filler,840,966,,Intel,Organization,0.95,'people who work in like TSMC or Intel'
TGS-127-EdConway,tgs:Interview.TGS_127_EdConway,TGS127_chunk_13_filler,filler,840,966,,Chris Miller,Person,0.93,'Chris Miller's Chip War is a brilliant book on this'
TGS-127-EdConway,tgs:Interview.TGS_127_EdConway,TGS127_chunk_13_filler,filler,840,966,,Chip War,Work_Publication,0.95,'Chris Miller's Chip War is a brilliant book on this'
TGS-127-EdConway,tgs:Interview.TGS_127_EdConway,TGS127_chunk_13_filler,filler,840,966,,glass,Material,0.9,"'without the glass, without the lens'; 'the British did rebuild their glass industry'"
TGS-127-EdConway,tgs:Interview.TGS_127_EdConway,TGS127_chunk_13_filler,filler,840,966,,rubber,Material,0.9,'they were short of rubber... we agreed to sell them rubber'
TGS-127-EdConway,tgs:Interview.TGS_127_EdConway,TGS127_chunk_13_filler,filler,840,966,,concrete,Material,0.92,"'Then there's concrete, which is another key critical material'"
TGS-127-EdConway,tgs:Interview.TGS_127_EdConway,TGS127_chunk_13_filler,filler,840,966,,cement,Material,0.9,'obviously cement is the main ingredient there'
TGS-127-EdConway,tgs:Interview.TGS_127_EdConway,TGS127_chunk_13_filler,filler,840,966,,sand,Material,0.88,'You make it in part with sand and then you need to add sand and aggregates'
TGS-127-EdConway,tgs:Interview.TGS_127_EdConway,TGS127_chunk_13_filler,filler,840,966,,silicon,Material,0.92,'where does the silicon in the silicon chip come from'
TGS-127-EdConway,tgs:Interview.TGS_127_EdConway,TGS127_chunk_13_filler,filler,840,966,,silicon chips,Technology,0.88,"'and then you have, silicon chips'"
TGS-127-EdConway,tgs:Interview.TGS_127_EdConway,TGS127_chunk_13_filler,filler,840,966,,World War I,Event,0.6,"Not named explicitly; referred to via '1915', '1916, 17, 18', 'by the end of the war' — flagged as inferred rather than named, low confidence"
TGS-127-EdConway,tgs:Interview.TGS_127_EdConway,TGS127_chunk_13_filler,filler,840,966,,coronavirus,Organism,0.8,'smaller than a coronavirus' — used as a size comparison
TGS-127-EdConway,tgs:Interview.TGS_127_EdConway,TGS127_chunk_13_filler,filler,840,966,,Material World,Work_Publication,0.7,'my book is like one of the only... place where you do really have that full journey' — book referenced only as 'my book' in chunk; title from episode metadata
TGS-127-EdConway,tgs:Interview.TGS_127_EdConway,TGS127_chunk_15,topic_anchored,1038,1092,Chip War,Nate Hagens,Person,0.98,Speaker label 'Nate Hagens [18:06]'; host of the episode per metadata.
TGS-127-EdConway,tgs:Interview.TGS_127_EdConway,TGS127_chunk_15,topic_anchored,1038,1092,Chip War,Ed Conway,Person,0.9,"Guest per episode metadata; addressed in-chunk as the author ('one of the elements, materials in your book')."
TGS-127-EdConway,tgs:Interview.TGS_127_EdConway,TGS127_chunk_15,topic_anchored,1038,1092,Chip War,Material World: The Key Resources Underpinning Modern Economies,Work_Publication,0.75,Referred to in the chunk only as 'your book'; the full title comes from episode metadata rather than the transcript text.
TGS-127-EdConway,tgs:Interview.TGS_127_EdConway,TGS127_chunk_15,topic_anchored,1038,1092,Chip War,sand,Material,0.95,"'just one of the elements, materials in your book, like sand. How does sand relate to silica?'"
TGS-127-EdConway,tgs:Interview.TGS_127_EdConway,TGS127_chunk_15,topic_anchored,1038,1092,Chip War,silica,Material,0.95,'How does sand relate to silica?'
TGS-127-EdConway,tgs:Interview.TGS_127_EdConway,TGS127_chunk_15,topic_anchored,1038,1092,Chip War,Chip War,Concept_OR_Work_Publication,0.3,"Curator-supplied chunk topic; not spoken anywhere in this chunk's text, so unverifiable from the transcript itself."
TGS-127-EdConway,tgs:Interview.TGS_127_EdConway,TGS127_chunk_16,topic_anchored,1092,1137,"Silica, Wentworth Scale",silica,Material,0.95,"""Well, silica, sand is just a type of, it's a type of sand"" — discussed as the substance of certain sands."
TGS-127-EdConway,tgs:Interview.TGS_127_EdConway,TGS127_chunk_16,topic_anchored,1092,1137,"Silica, Wentworth Scale",sand,Material,0.9,"""The term sand is basically any grain below a certain size"" — central material under discussion."
TGS-127-EdConway,tgs:Interview.TGS_127_EdConway,TGS127_chunk_16,topic_anchored,1092,1137,"Silica, Wentworth Scale",Udden Wentworth scale,Concept_ClassificationScale_NAME_VARIANT_CONFLICT,0.85,"""there's something called the Udden Wentworth scale, which says if you go beyond a certain size, then that is now a sand"". Curator-supplied chunk topic renders it as 'Wentworth Scale' (shorter form); transcript gives the fuller 'Udden Wentworth' (usually hyphenated as Udden–Wentworth). Flagged as a rendering/name variant conflict."
TGS-127-EdConway,tgs:Interview.TGS_127_EdConway,TGS127_chunk_16,topic_anchored,1092,1137,"Silica, Wentworth Scale",salt,Material,0.85,"""technically grains of salt, that's also a sand. Salt is a sand."""
TGS-127-EdConway,tgs:Interview.TGS_127_EdConway,TGS127_chunk_16,topic_anchored,1092,1137,"Silica, Wentworth Scale",Caribbean,Location,0.8,"""the stuff that you walk on a Caribbean beach, a lot of that's not actually silica"""
TGS-127-EdConway,tgs:Interview.TGS_127_EdConway,TGS127_chunk_16,topic_anchored,1092,1137,"Silica, Wentworth Scale",parrotfish,Organism,0.75,"""a lot of that is just kind of ground up bits of parrotfish excrement essentially"" — named as the biological source of some beach sand."
TGS-127-EdConway,tgs:Interview.TGS_127_EdConway,TGS127_chunk_17,topic_anchored,1137,1211,Hawaiian Beach Sand is Parrot Fish Excrements,Nate Hagens,Person,0.99,Host speaker label in transcript chunk
TGS-127-EdConway,tgs:Interview.TGS_127_EdConway,TGS127_chunk_17,topic_anchored,1137,1211,Hawaiian Beach Sand is Parrot Fish Excrements,Ed Conway,Person,0.99,Guest speaker label; author discussing sand and materials
TGS-127-EdConway,tgs:Interview.TGS_127_EdConway,TGS127_chunk_17,topic_anchored,1137,1211,Hawaiian Beach Sand is Parrot Fish Excrements,parrotfish,Organism,0.95,"'the parrotfish eats the bits of coral reef, poops them out' — named animal producing white sand"
TGS-127-EdConway,tgs:Interview.TGS_127_EdConway,TGS127_chunk_17,topic_anchored,1137,1211,Hawaiian Beach Sand is Parrot Fish Excrements,Caribbean,Location,0.9,'the most beautiful white kind of Caribbean beaches'
TGS-127-EdConway,tgs:Interview.TGS_127_EdConway,TGS127_chunk_17,topic_anchored,1137,1211,Hawaiian Beach Sand is Parrot Fish Excrements,silica,Material,0.95,'originated as a silica rock that was then crushed into sand like particles'; 'because silica is really hard'
TGS-127-EdConway,tgs:Interview.TGS_127_EdConway,TGS127_chunk_17,topic_anchored,1137,1211,Hawaiian Beach Sand is Parrot Fish Excrements,sand,Material,0.9,'the sand that's used in industrial processes like glass'
TGS-127-EdConway,tgs:Interview.TGS_127_EdConway,TGS127_chunk_17,topic_anchored,1137,1211,Hawaiian Beach Sand is Parrot Fish Excrements,glass,Material,0.85,'used in industrial processes like glass'
TGS-127-EdConway,tgs:Interview.TGS_127_EdConway,TGS127_chunk_17,topic_anchored,1137,1211,Hawaiian Beach Sand is Parrot Fish Excrements,coral reef,Concept,0.8,'eats the bits of coral reef' — natural feature source of the sand
TGS-127-EdConway,tgs:Interview.TGS_127_EdConway,TGS127_chunk_18,topic_anchored,1211,1258,Types of sand,Nate Hagens,Person,0.98,"Host speaking in transcript, matches episode metadata"
TGS-127-EdConway,tgs:Interview.TGS_127_EdConway,TGS127_chunk_18,topic_anchored,1211,1258,Types of sand,Ed Conway,Person,0.98,"Guest speaking, matches episode metadata"
TGS-127-EdConway,tgs:Interview.TGS_127_EdConway,TGS127_chunk_18,topic_anchored,1211,1258,Types of sand,Caribbean,Location,0.9,'the Caribbean white sand beach is not useful for industrial inputs'
TGS-127-EdConway,tgs:Interview.TGS_127_EdConway,TGS127_chunk_18,topic_anchored,1211,1258,Types of sand,silica sands,Material,0.9,"'silica sands, like, broadly speaking, there's a lot of sand'"
TGS-127-EdConway,tgs:Interview.TGS_127_EdConway,TGS127_chunk_18,topic_anchored,1211,1258,Types of sand,Mekong Delta,Location,0.95,"'you see what's happening in the Mekong Delta, in Cambodia, Vietnam'"
TGS-127-EdConway,tgs:Interview.TGS_127_EdConway,TGS127_chunk_18,topic_anchored,1211,1258,Types of sand,Cambodia,Location,0.95,"'in the Mekong Delta, in Cambodia, Vietnam at the moment'"
TGS-127-EdConway,tgs:Interview.TGS_127_EdConway,TGS127_chunk_18,topic_anchored,1211,1258,Types of sand,Vietnam,Location,0.95,"'in the Mekong Delta, in Cambodia, Vietnam at the moment'"
TGS-127-EdConway,tgs:Interview.TGS_127_EdConway,TGS127_chunk_18,topic_anchored,1211,1258,Types of sand,sand mining,Concept,0.8,'You get a lot of sand mining there and it is... destroying the ecosystem'
TGS-127-EdConway,tgs:Interview.TGS_127_EdConway,TGS127_chunk_18,topic_anchored,1211,1258,Types of sand,cement,Material,0.85,'angular hard grains of sand to put into cement and to concrete'
TGS-127-EdConway,tgs:Interview.TGS_127_EdConway,TGS127_chunk_18,topic_anchored,1211,1258,Types of sand,concrete,Material,0.85,'to put into cement and to concrete and to make them into the buildings'
TGS-127-EdConway,tgs:Interview.TGS_127_EdConway,TGS127_chunk_18,topic_anchored,1211,1258,Types of sand,sand,Material,0.9,Central subject of the chunk: 'Where do we get most of the sand in the world?'
TGS-127-EdConway,tgs:Interview.TGS_127_EdConway,TGS127_chunk_19,topic_anchored,1258,1399,"Constraints of mining useful sand, Yukon Delta",Nate Hagens,Person,0.98,"Host speaking in transcript, matches episode metadata"
TGS-127-EdConway,tgs:Interview.TGS_127_EdConway,TGS127_chunk_19,topic_anchored,1258,1399,"Constraints of mining useful sand, Yukon Delta",Ed Conway,Person,0.98,"Guest speaking, author of the book discussed"
TGS-127-EdConway,tgs:Interview.TGS_127_EdConway,TGS127_chunk_19,topic_anchored,1258,1399,"Constraints of mining useful sand, Yukon Delta",Romans,HistoricalGroup,0.9,'the Romans knew how to make concrete' — used volcanic ash as binder
TGS-127-EdConway,tgs:Interview.TGS_127_EdConway,TGS127_chunk_19,topic_anchored,1258,1399,"Constraints of mining useful sand, Yukon Delta",Portland cement,Material,0.95,"'we came up with our own modern version of it, Portland cement'"
TGS-127-EdConway,tgs:Interview.TGS_127_EdConway,TGS127_chunk_19,topic_anchored,1258,1399,"Constraints of mining useful sand, Yukon Delta",cement,Material,0.95,'the physics of cement when it's setting'; central material of discussion
TGS-127-EdConway,tgs:Interview.TGS_127_EdConway,TGS127_chunk_19,topic_anchored,1258,1399,"Constraints of mining useful sand, Yukon Delta",concrete,Material,0.95,'a book about... concrete'; 'concrete is still almost alive'
TGS-127-EdConway,tgs:Interview.TGS_127_EdConway,TGS127_chunk_19,topic_anchored,1258,1399,"Constraints of mining useful sand, Yukon Delta",sand,Material,0.93,'the Romans used sand... the sand in this case is inert'
TGS-127-EdConway,tgs:Interview.TGS_127_EdConway,TGS127_chunk_19,topic_anchored,1258,1399,"Constraints of mining useful sand, Yukon Delta",volcanic ash,Material,0.88,'they used a particular type of kind of volcanic ash as the binder'
TGS-127-EdConway,tgs:Interview.TGS_127_EdConway,TGS127_chunk_19,topic_anchored,1258,1399,"Constraints of mining useful sand, Yukon Delta",limestone,Material,0.88,"'the kind of lime, in the case of limestone, which you put into a cement kiln'"
TGS-127-EdConway,tgs:Interview.TGS_127_EdConway,TGS127_chunk_19,topic_anchored,1258,1399,"Constraints of mining useful sand, Yukon Delta",lime,Material,0.85,'The magic thing is mostly the kind of lime'
TGS-127-EdConway,tgs:Interview.TGS_127_EdConway,TGS127_chunk_19,topic_anchored,1258,1399,"Constraints of mining useful sand, Yukon Delta",carbon dioxide,Material,0.87,'still often sucking in carbon dioxide from the atmosphere'
TGS-127-EdConway,tgs:Interview.TGS_127_EdConway,TGS127_chunk_19,topic_anchored,1258,1399,"Constraints of mining useful sand, Yukon Delta",cement kiln,Technology,0.8,'which you put into a kind of cement kiln'
TGS-127-EdConway,tgs:Interview.TGS_127_EdConway,TGS127_chunk_19,topic_anchored,1258,1399,"Constraints of mining useful sand, Yukon Delta",net zero,Concept,0.85,'it's about net zero as well'
TGS-127-EdConway,tgs:Interview.TGS_127_EdConway,TGS127_chunk_19,topic_anchored,1258,1399,"Constraints of mining useful sand, Yukon Delta",energy transitions,Concept,0.83,'It's about energy transitions'
TGS-127-EdConway,tgs:Interview.TGS_127_EdConway,TGS127_chunk_19,topic_anchored,1258,1399,"Constraints of mining useful sand, Yukon Delta",energy and materials blindness,Concept,0.86,'dispelling the energy and materials blindness of our current culture' — recurring Hagens framing
TGS-127-EdConway,tgs:Interview.TGS_127_EdConway,TGS127_chunk_19,topic_anchored,1258,1399,"Constraints of mining useful sand, Yukon Delta",cement research,FieldOfStudy,0.78,'massively underrated field is cement research'
TGS-127-EdConway,tgs:Interview.TGS_127_EdConway,TGS127_chunk_19,topic_anchored,1258,1399,"Constraints of mining useful sand, Yukon Delta",aggregates,Material,0.75,'the sand and the aggregates we put into cement'
TGS-127-EdConway,tgs:Interview.TGS_127_EdConway,TGS127_chunk_22,topic_anchored,1488,1648,"Cement absorbs CO2 over time, research on this",Nate Hagens,Person,0.98,"Host speaking in transcript, matches episode metadata"
TGS-127-EdConway,tgs:Interview.TGS_127_EdConway,TGS127_chunk_22,topic_anchored,1488,1648,"Cement absorbs CO2 over time, research on this",Ed Conway,Person,0.98,"Guest speaking in transcript, matches episode metadata"
TGS-127-EdConway,tgs:Interview.TGS_127_EdConway,TGS127_chunk_22,topic_anchored,1488,1648,"Cement absorbs CO2 over time, research on this",concrete,Material,0.92,'buildings and built structures that have concrete are actually absorbing CO2'
TGS-127-EdConway,tgs:Interview.TGS_127_EdConway,TGS127_chunk_22,topic_anchored,1488,1648,"Cement absorbs CO2 over time, research on this",CO2,ChemicalSubstance,0.93,'absorbing CO2'; also 'five or 6 percent of global CO2 emissions'
TGS-127-EdConway,tgs:Interview.TGS_127_EdConway,TGS127_chunk_22,topic_anchored,1488,1648,"Cement absorbs CO2 over time, research on this",steel,Material,0.9,"'It's kind of similar to steel, maybe a bit more than steel'"
TGS-127-EdConway,tgs:Interview.TGS_127_EdConway,TGS127_chunk_22,topic_anchored,1488,1648,"Cement absorbs CO2 over time, research on this",coal,Material,0.92,'the kind of the coal or whatever you're putting into the... kiln'
TGS-127-EdConway,tgs:Interview.TGS_127_EdConway,TGS127_chunk_22,topic_anchored,1488,1648,"Cement absorbs CO2 over time, research on this",limestone,Material,0.9,'when you're kind of heating the limestone and the stuff you're grinding up'
TGS-127-EdConway,tgs:Interview.TGS_127_EdConway,TGS127_chunk_22,topic_anchored,1488,1648,"Cement absorbs CO2 over time, research on this",cement,Material,0.92,'the really tough nut to crack when it comes to cement'
TGS-127-EdConway,tgs:Interview.TGS_127_EdConway,TGS127_chunk_22,topic_anchored,1488,1648,"Cement absorbs CO2 over time, research on this",silicon chip,Material_Product,0.88,"'to make a silicon chip, so that journey from the quarry through to the smartphone'"
TGS-127-EdConway,tgs:Interview.TGS_127_EdConway,TGS127_chunk_22,topic_anchored,1488,1648,"Cement absorbs CO2 over time, research on this",solar panel,Technology,0.85,'it's the same process for... like a solar panel'
TGS-127-EdConway,tgs:Interview.TGS_127_EdConway,TGS127_chunk_22,topic_anchored,1488,1648,"Cement absorbs CO2 over time, research on this",quartzite,Material,0.9,"'It begins with a lump of quartzite, you get out of a quarry'"
TGS-127-EdConway,tgs:Interview.TGS_127_EdConway,TGS127_chunk_22,topic_anchored,1488,1648,"Cement absorbs CO2 over time, research on this",electric arc furnace,Technology_Process,0.88,'you throw that into an electric arc furnace alongside some wood chips and some coal'
TGS-127-EdConway,tgs:Interview.TGS_127_EdConway,TGS127_chunk_22,topic_anchored,1488,1648,"Cement absorbs CO2 over time, research on this",metallurgical silicon,Material,0.87,'you end up with metallurgical silicon which is 99 percent pure'
TGS-127-EdConway,tgs:Interview.TGS_127_EdConway,TGS127_chunk_22,topic_anchored,1488,1648,"Cement absorbs CO2 over time, research on this",blast furnace,Technology_Process,0.87,"'In this furnace, as in a blast furnace, is doing an incredibly important job'"
TGS-127-EdConway,tgs:Interview.TGS_127_EdConway,TGS127_chunk_22,topic_anchored,1488,1648,"Cement absorbs CO2 over time, research on this",carbon dioxide,ChemicalSubstance,0.9,'emitting that in the form of carbon dioxide'; longer form of 'CO2' used earlier in same chunk — possible name variant of the same substance
TGS-127-EdConway,tgs:Interview.TGS_127_EdConway,TGS127_chunk_22,topic_anchored,1488,1648,"Cement absorbs CO2 over time, research on this",sand,Material,0.85,"'both with sand, both with silicon chips and with concrete that's the same'"
TGS-127-EdConway,tgs:Interview.TGS_127_EdConway,TGS127_chunk_22,topic_anchored,1488,1648,"Cement absorbs CO2 over time, research on this",silicon,Material,0.86,'you're smelting down that silicon'
TGS-127-EdConway,tgs:Interview.TGS_127_EdConway,TGS127_chunk_22,topic_anchored,1488,1648,"Cement absorbs CO2 over time, research on this",oxygen,ChemicalSubstance,0.85,"'stealing, grabbing the oxygen off the quartzite'"
TGS-127-EdConway,tgs:Interview.TGS_127_EdConway,TGS127_chunk_22,topic_anchored,1488,1648,"Cement absorbs CO2 over time, research on this",smartphone,Material_Product,0.8,'that journey from the quarry through to the smartphone'
TGS-127-EdConway,tgs:Interview.TGS_127_EdConway,TGS127_chunk_22,topic_anchored,1488,1648,"Cement absorbs CO2 over time, research on this",wood chips,Material,0.82,'alongside some wood chips and some coal'
TGS-127-EdConway,tgs:Interview.TGS_127_EdConway,TGS127_chunk_23_filler,filler,1648,1780,,Nate Hagens,Person,0.98,"Host speaking in transcript, matches episode metadata"
TGS-127-EdConway,tgs:Interview.TGS_127_EdConway,TGS127_chunk_23_filler,filler,1648,1780,,Ed Conway,Person,0.98,"Guest speaking about sand and materials, matches episode metadata"
TGS-127-EdConway,tgs:Interview.TGS_127_EdConway,TGS127_chunk_23_filler,filler,1648,1780,,sand,Material,0.9,"""so let's get back to where the sand comes from"" — central material discussed"
TGS-127-EdConway,tgs:Interview.TGS_127_EdConway,TGS127_chunk_23_filler,filler,1648,1780,,peak sand,Concept,0.85,"""is there such a thing as peak sand?"" — resource-depletion concept"
TGS-127-EdConway,tgs:Interview.TGS_127_EdConway,TGS127_chunk_23_filler,filler,1648,1780,,silica sand,Material,0.95,"""Let's say silica sand, for instance, they used to make glass"""
TGS-127-EdConway,tgs:Interview.TGS_127_EdConway,TGS127_chunk_23_filler,filler,1648,1780,,glass,Material,0.85,"""silica sand... used to make glass"""
TGS-127-EdConway,tgs:Interview.TGS_127_EdConway,TGS127_chunk_23_filler,filler,1648,1780,,silica,Material,0.9,"""You need quite high kind of level quantities of silica in there"""
TGS-127-EdConway,tgs:Interview.TGS_127_EdConway,TGS127_chunk_23_filler,filler,1648,1780,,UK,Location,0.95,"""the UK. For instance, we didn't think we had that much in the way of silica sand"""
TGS-127-EdConway,tgs:Interview.TGS_127_EdConway,TGS127_chunk_23_filler,filler,1648,1780,,World War I,Event,0.95,"""until back in world war one"" / ""World War I was okay"" — rendered both as 'world war one' and 'World War I' in the chunk"
TGS-127-EdConway,tgs:Interview.TGS_127_EdConway,TGS127_chunk_23_filler,filler,1648,1780,,World War II,Event,0.95,"""World War II was more, more tough, because obviously France was invaded"""
TGS-127-EdConway,tgs:Interview.TGS_127_EdConway,TGS127_chunk_23_filler,filler,1648,1780,,Paris,Location,0.95,"""we got most of our silica sand from quarries just outside of Paris"""
TGS-127-EdConway,tgs:Interview.TGS_127_EdConway,TGS127_chunk_23_filler,filler,1648,1780,,France,Location,0.95,"""France hadn't been invaded at that point"""
TGS-127-EdConway,tgs:Interview.TGS_127_EdConway,TGS127_chunk_23_filler,filler,1648,1780,,Nazis,Organization,0.85,"""France was invaded by the Nazis"""
TGS-127-EdConway,tgs:Interview.TGS_127_EdConway,TGS127_chunk_23_filler,filler,1648,1780,,Germans,Group,0.8,"""to make the binoculars to try and kill the Germans"""
TGS-127-EdConway,tgs:Interview.TGS_127_EdConway,TGS127_chunk_23_filler,filler,1648,1780,,Scotland,Location,0.95,"""we found some sand in a very distant part of Scotland"""
TGS-127-EdConway,tgs:Interview.TGS_127_EdConway,TGS127_chunk_23_filler,filler,1648,1780,,construction sand,Material,0.85,"""So with construction sands, We shouldn't run out"""
TGS-127-EdConway,tgs:Interview.TGS_127_EdConway,TGS127_chunk_23_filler,filler,1648,1780,,U. S.,Location,0.9,"""east coast of the U. S., Quite a lot of that sand comes off""; also rendered 'the US' later in chunk"
TGS-127-EdConway,tgs:Interview.TGS_127_EdConway,TGS127_chunk_23_filler,filler,1648,1780,,North Sea,Location,0.95,"""in the North Sea, there's quite a lot of sand"""
TGS-127-EdConway,tgs:Interview.TGS_127_EdConway,TGS127_chunk_23_filler,filler,1648,1780,,Rhine,Location,0.9,"""The Rhine, used to empty into the North Sea"" — river"
TGS-127-EdConway,tgs:Interview.TGS_127_EdConway,TGS127_chunk_23_filler,filler,1648,1780,,Doggerland,Location,0.9,"""there was this area called Doggerland. that's now submerged"""
TGS-127-EdConway,tgs:Interview.TGS_127_EdConway,TGS127_chunk_23_filler,filler,1648,1780,,Ice Age,Event,0.85,"""back in the Ice Age was connected by, this land to the continent"""
TGS-127-EdConway,tgs:Interview.TGS_127_EdConway,TGS127_chunk_23_filler,filler,1648,1780,,Iron Age,Event,0.8,"""discovering these old, like, Iron Age, well actually, sorry, more like kind of Neolithic axes"" — speaker self-corrects"
TGS-127-EdConway,tgs:Interview.TGS_127_EdConway,TGS127_chunk_23_filler,filler,1648,1780,,Neolithic,Event,0.85,"""more like kind of Neolithic axes and things"" — archaeological period"
TGS-127-EdConway,tgs:Interview.TGS_127_EdConway,TGS127_chunk_23_filler,filler,1648,1780,,woolly mammoth,Species,0.8,"""Rhino, kind of great woolly mammoth, skeletons"" — the preceding 'Rhino' may be a stray/ASR fragment"
TGS-127-EdConway,tgs:Interview.TGS_127_EdConway,TGS127_chunk_23_filler,filler,1648,1780,,Rhino,Species_LIKELY_ASR_ERROR,0.35,"""and Rhino, kind of great woolly mammoth, skeletons"" — appears mid-sentence oddly; could be an ASR mishearing of 'Rhine' (the river mentioned earlier) rather than the animal"
TGS-127-EdConway,tgs:Interview.TGS_127_EdConway,TGS127_chunk_23_filler,filler,1648,1780,,London,Location,0.95,"""the sands that we're using to turn into concrete to make London, bigger"""
TGS-127-EdConway,tgs:Interview.TGS_127_EdConway,TGS127_chunk_23_filler,filler,1648,1780,,concrete,Material,0.95,"""part of the reason concrete has changed the world"""
TGS-127-EdConway,tgs:Interview.TGS_127_EdConway,TGS127_chunk_23_filler,filler,1648,1780,,nano materials,Material,0.7,"""Oh, you're going to do like nano materials"""
TGS-127-EdConway,tgs:Interview.TGS_127_EdConway,TGS127_chunk_23_filler,filler,1648,1780,,lime,Material,0.9,"""like lime, actually lime is the more important one for, cement"""
TGS-127-EdConway,tgs:Interview.TGS_127_EdConway,TGS127_chunk_23_filler,filler,1648,1780,,cement,Material,0.9,"""lime is the more important one for, cement"""
TGS-127-EdConway,tgs:Interview.TGS_127_EdConway,TGS127_chunk_23_filler,filler,1648,1780,,limestone,Material,0.9,"""so limestone, you can find that in quite a few places"""
TGS-127-EdConway,tgs:Interview.TGS_127_EdConway,TGS127_chunk_23_filler,filler,1648,1780,,Steel,Material,0.9,"""Steel changed the world because it's cheap"""
TGS-127-EdConway,tgs:Interview.TGS_127_EdConway,TGS127_chunk_23_filler,filler,1648,1780,,Oil,Material,0.85,"""Oil, you know, has been pretty cheap for a lot of time"""
TGS-127-EdConway,tgs:Interview.TGS_127_EdConway,TGS127_chunk_23_filler,filler,1648,1780,,economics,Concept,0.75,"""within my world of economics, I don't think we discuss that. Enough."""
TGS-127-EdConway,tgs:Interview.TGS_127_EdConway,TGS127_chunk_23_filler,filler,1648,1780,,ultra high purity quartz,Material,0.95,"""one other type of sand... which is called ultra high purity quartz"""
TGS-127-EdConway,tgs:Interview.TGS_127_EdConway,TGS127_chunk_23_filler,filler,1648,1780,,silicon chips,Product,0.85,"""that long process to make silicon chips"""
TGS-127-EdConway,tgs:Interview.TGS_127_EdConway,TGS127_chunk_23_filler,filler,1648,1780,,silicon,Material,0.9,"""super pure silica, or super pure silicon at that point"""
TGS-127-EdConway,tgs:Interview.TGS_127_EdConway,TGS127_chunk_23_filler,filler,1648,1780,,Spruce Pine,Location,0.95,"""a place called Spruce Pine in North Carolina"" — source of ultra high purity quartz"
TGS-127-EdConway,tgs:Interview.TGS_127_EdConway,TGS127_chunk_23_filler,filler,1648,1780,,North Carolina,Location,0.95,"""Spruce Pine in North Carolina, in, in the US"""
TGS-127-EdConway,tgs:Interview.TGS_127_EdConway,TGS127_chunk_23_filler,filler,1648,1780,,the book,Work_Publication,0.6,"""I won't kind of bore you with it. It's in the book."" — unnamed reference, presumably 'Material World' per episode title"
TGS-127-EdConway,tgs:Interview.TGS_127_EdConway,TGS127_chunk_26,topic_anchored,1922,1992,"Ultra high purity quartz, crucibles, Spruce Pine, NC",Nate Hagens,Person,0.98,Speaker label 'Nate Hagens [33:01]' — host of the episode.
TGS-127-EdConway,tgs:Interview.TGS_127_EdConway,TGS127_chunk_26,topic_anchored,1922,1992,"Ultra high purity quartz, crucibles, Spruce Pine, NC",salt,Material,0.95,"""let's move on, to salt. salt has a pretty fascinating, history in the human world"" — discussed as an indispensable industrial material."
TGS-127-EdConway,tgs:Interview.TGS_127_EdConway,TGS127_chunk_27,topic_anchored,1992,2019,History of salt,Mark Kalansky,Person_LIKELY_ASR_ERROR,0.75,"""The most famous is the one by a guy called Mark Kalansky"" — referring to a famous book about salt; likely a transcription of 'Mark Kurlansky', author of 'Salt: A World History'. Spelling as rendered appears to be an ASR error."
TGS-127-EdConway,tgs:Interview.TGS_127_EdConway,TGS127_chunk_27,topic_anchored,1992,2019,History of salt,salt,Material,0.97,"Central subject of the chunk: ""Salt is still, today, bedrock for a lot of the chemicals sector."""
TGS-127-EdConway,tgs:Interview.TGS_127_EdConway,TGS127_chunk_27,topic_anchored,1992,2019,History of salt,soda ash,Material,0.94,"""If you want to make glass, you need soda ash. If you want soda ash, you need salt."""
TGS-127-EdConway,tgs:Interview.TGS_127_EdConway,TGS127_chunk_27,topic_anchored,1992,2019,History of salt,chlorine,Material,0.92,"""chlorine based chemicals""; ""chlorine to turn into bleach and cleaning products"""
TGS-127-EdConway,tgs:Interview.TGS_127_EdConway,TGS127_chunk_27,topic_anchored,1992,2019,History of salt,lithium hydroxide,Material,0.92,"""lithium ion batteries, so you need lithium hydroxide"""
TGS-127-EdConway,tgs:Interview.TGS_127_EdConway,TGS127_chunk_27,topic_anchored,1992,2019,History of salt,sodium hydroxide,Material,0.92,"""You do it with caustic soda, sodium hydroxide"" — given as synonym of caustic soda"
TGS-127-EdConway,tgs:Interview.TGS_127_EdConway,TGS127_chunk_27,topic_anchored,1992,2019,History of salt,caustic soda,Material,0.9,"""you do it with caustic soda, sodium hydroxide"" — alternate name for sodium hydroxide used in same sentence"
TGS-127-EdConway,tgs:Interview.TGS_127_EdConway,TGS127_chunk_27,topic_anchored,1992,2019,History of salt,lithium salts,Material,0.85,"""you get your lithium salts out of the ground"""
TGS-127-EdConway,tgs:Interview.TGS_127_EdConway,TGS127_chunk_27,topic_anchored,1992,2019,History of salt,lithium ion batteries,Technology,0.9,"""If you want to make, let's say, the batteries, lithium ion batteries"""
TGS-127-EdConway,tgs:Interview.TGS_127_EdConway,TGS127_chunk_27,topic_anchored,1992,2019,History of salt,brine,Material,0.82,"""you're sending down water and up comes brine"" in description of solution mining"
TGS-127-EdConway,tgs:Interview.TGS_127_EdConway,TGS127_chunk_27,topic_anchored,1992,2019,History of salt,solution mining,Process_Technology,0.88,"""you just use something called solution mining, you're sending down water and up comes brine"""
TGS-127-EdConway,tgs:Interview.TGS_127_EdConway,TGS127_chunk_27,topic_anchored,1992,2019,History of salt,Cheshire,Location,0.93,"""it came from Cheshire, from the great salt strata that underlie Cheshire"""
TGS-127-EdConway,tgs:Interview.TGS_127_EdConway,TGS127_chunk_27,topic_anchored,1992,2019,History of salt,UK,Location,0.93,"""We, in the UK, used to mine a lot of salt"""
TGS-127-EdConway,tgs:Interview.TGS_127_EdConway,TGS127_chunk_27,topic_anchored,1992,2019,History of salt,India,Location,0.93,"""we'd go to India, and we'd say to them, Hey, don't make your own salt"""
TGS-127-EdConway,tgs:Interview.TGS_127_EdConway,TGS127_chunk_27,topic_anchored,1992,2019,History of salt,Africa,Location,0.85,"""the countries, you know, in Africa"" — named as a region where salt-making was suppressed"
TGS-127-EdConway,tgs:Interview.TGS_127_EdConway,TGS127_chunk_27,topic_anchored,1992,2019,History of salt,US,Location,0.88,"""There's actually soda ash mines in the US"""
TGS-127-EdConway,tgs:Interview.TGS_127_EdConway,TGS127_chunk_27,topic_anchored,1992,2019,History of salt,Gandhi,Person,0.92,"""Gandhi marched to, to go and make salt"" — referenced by surname only"
TGS-127-EdConway,tgs:Interview.TGS_127_EdConway,TGS127_chunk_27,topic_anchored,1992,2019,History of salt,Indian independence,Event,0.85,"""part of the story of Indian independence is, Gandhi marched to... make salt"""
TGS-127-EdConway,tgs:Interview.TGS_127_EdConway,TGS127_chunk_27,topic_anchored,1992,2019,History of salt,British,Group_Nationality,0.8,"""just how iniquitous it was that the British wouldn't let the Indians make their own salt"""
TGS-127-EdConway,tgs:Interview.TGS_127_EdConway,TGS127_chunk_27,topic_anchored,1992,2019,History of salt,Indians,Group_Nationality,0.75,"""the British wouldn't let the Indians make their own salt"""
TGS-127-EdConway,tgs:Interview.TGS_127_EdConway,TGS127_chunk_27,topic_anchored,1992,2019,History of salt,Victorian heyday,Period_Era,0.78,"""we produce like two or three times as much salt as we did back in our Victorian heyday"""
TGS-127-EdConway,tgs:Interview.TGS_127_EdConway,TGS127_chunk_27,topic_anchored,1992,2019,History of salt,despotism,Concept,0.7,"""when you look at kind of despotism and government power, Salt is a really good method through which to look at that story"""
TGS-127-EdConway,tgs:Interview.TGS_127_EdConway,TGS127_chunk_27,topic_anchored,1992,2019,History of salt,pharmaceutical sector,Industry,0.8,"""90 percent of pharmaceuticals begin with salt... bedrock for the pharmaceutical sector"""
TGS-127-EdConway,tgs:Interview.TGS_127_EdConway,TGS127_chunk_27,topic_anchored,1992,2019,History of salt,chemicals sector,Industry,0.82,"""Salt is still, today, bedrock for a lot of the chemicals sector""; also ""we have quite a big chemicals industry"""
TGS-127-EdConway,tgs:Interview.TGS_127_EdConway,TGS127_chunk_27,topic_anchored,1992,2019,History of salt,deindustrialized nation,Concept,0.6,"""is today, this de industrialized nation which is what we are"" — descriptive concept applied to the UK rather than a proper name"
TGS-127-EdConway,tgs:Interview.TGS_127_EdConway,TGS127_chunk_32,topic_anchored,2141,2215,Indian independence and salt production,Nate Hagens,Person,0.99,"Speaker label 'Nate Hagens [36:54]' — host of the episode, matches metadata."
TGS-127-EdConway,tgs:Interview.TGS_127_EdConway,TGS127_chunk_32,topic_anchored,2141,2215,Indian independence and salt production,salt,Material,0.9,'the salt that's in our food and we buy in the supermarket' — a key material discussed in the episode about resources underpinning economies.
TGS-127-EdConway,tgs:Interview.TGS_127_EdConway,TGS127_chunk_33,topic_anchored,2215,2253,Salt is used for so many things,Ed Conway,Person,0.99,Speaker label; guest of the episode
TGS-127-EdConway,tgs:Interview.TGS_127_EdConway,TGS127_chunk_33,topic_anchored,2215,2253,Salt is used for so many things,Nate Hagens,Person,0.99,Speaker label; host of the episode
TGS-127-EdConway,tgs:Interview.TGS_127_EdConway,TGS127_chunk_33,topic_anchored,2215,2253,Salt is used for so many things,UK,Location,0.97,'what we make in the UK and the US' — salt production comparison
TGS-127-EdConway,tgs:Interview.TGS_127_EdConway,TGS127_chunk_33,topic_anchored,2215,2253,Salt is used for so many things,US,Location,0.97,'in the UK and the US' — salt production and tap water purification
TGS-127-EdConway,tgs:Interview.TGS_127_EdConway,TGS127_chunk_33,topic_anchored,2215,2253,Salt is used for so many things,salt,Material,0.96,'they are made in part from salt because the chlorine in them comes from salt'
TGS-127-EdConway,tgs:Interview.TGS_127_EdConway,TGS127_chunk_33,topic_anchored,2215,2253,Salt is used for so many things,chlorine,Material,0.95,'we purify our tap water ... with chlorine. The chlorine comes from salt.'
TGS-127-EdConway,tgs:Interview.TGS_127_EdConway,TGS127_chunk_33,topic_anchored,2215,2253,Salt is used for so many things,PVC,Material,0.93,'like PVC pipes that are everywhere' — later spelled out as polyvinyl chloride
TGS-127-EdConway,tgs:Interview.TGS_127_EdConway,TGS127_chunk_33,topic_anchored,2215,2253,Salt is used for so many things,polyvinyl chloride,Material,0.93,'polyvinyl chloride' — full name given for PVC in same chunk; same referent rendered two ways
TGS-127-EdConway,tgs:Interview.TGS_127_EdConway,TGS127_chunk_33,topic_anchored,2215,2253,Salt is used for so many things,chemicals,Concept,0.5,'the majority goes to chemicals' — generic industry/sector reference rather than a specific named entity
TGS-127-EdConway,tgs:Interview.TGS_127_EdConway,TGS127_chunk_34,topic_anchored,2253,2342,Salt for water purification,Ed Conway,Person,0.99,Speaker label; guest of the episode discussing chlorine and salt.
TGS-127-EdConway,tgs:Interview.TGS_127_EdConway,TGS127_chunk_34,topic_anchored,2253,2342,Salt for water purification,Nate Hagens,Person,0.99,Speaker label; host of the podcast.
TGS-127-EdConway,tgs:Interview.TGS_127_EdConway,TGS127_chunk_34,topic_anchored,2253,2342,Salt for water purification,chlorine,Material,0.95,'you can't ship chlorine very easily... it's a chemical weapon'
TGS-127-EdConway,tgs:Interview.TGS_127_EdConway,TGS127_chunk_34,topic_anchored,2253,2342,Salt for water purification,salt,Material,0.96,'So you would ship salt or rather you would just probably mine the salt locally'
TGS-127-EdConway,tgs:Interview.TGS_127_EdConway,TGS127_chunk_34,topic_anchored,2253,2342,Salt for water purification,brine,Material,0.85,'I went to this plant where they get the brine and they turn it into'
TGS-127-EdConway,tgs:Interview.TGS_127_EdConway,TGS127_chunk_34,topic_anchored,2253,2342,Salt for water purification,electrolysis,Process,0.9,'it's actually an electrolysis process that uses incredible amounts of electricity'
TGS-127-EdConway,tgs:Interview.TGS_127_EdConway,TGS127_chunk_34,topic_anchored,2253,2342,Salt for water purification,Liverpool,Location,0.95,'This one cell room uses more electricity than the city of Liverpool'
TGS-127-EdConway,tgs:Interview.TGS_127_EdConway,TGS127_chunk_34,topic_anchored,2253,2342,Salt for water purification,UK,Location,0.95,'provide 98 percent of the chlorine for the UK'
TGS-127-EdConway,tgs:Interview.TGS_127_EdConway,TGS127_chunk_34,topic_anchored,2253,2342,Salt for water purification,Mississippi River,Location,0.97,"'where I live here on the banks of the Mississippi River, we have salt mines here'"
TGS-127-EdConway,tgs:Interview.TGS_127_EdConway,TGS127_chunk_34,topic_anchored,2253,2342,Salt for water purification,frack sand,Material,0.9,'sand that is used for fracking... frack sand is really important as well'
TGS-127-EdConway,tgs:Interview.TGS_127_EdConway,TGS127_chunk_34,topic_anchored,2253,2342,Salt for water purification,Goldilocks technology,Concept,0.92,"'One of the things that I'm advocating for, I'm referring to as Goldilocks technology'"
TGS-127-EdConway,tgs:Interview.TGS_127_EdConway,TGS127_chunk_34,topic_anchored,2253,2342,Salt for water purification,net zero,Concept,0.85,'massive scaling of materials that would be needed for a net zero future'
TGS-127-EdConway,tgs:Interview.TGS_127_EdConway,TGS127_chunk_34,topic_anchored,2253,2342,Salt for water purification,copper,Material,0.95,'I just don't think we have 10 to 100 times the copper at affordable rates'
TGS-127-EdConway,tgs:Interview.TGS_127_EdConway,TGS127_chunk_34,topic_anchored,2253,2342,Salt for water purification,intermediate technology,Concept,0.8,"'I think an intermediate technology, we can use abundant materials'"
TGS-127-EdConway,tgs:Interview.TGS_127_EdConway,TGS127_chunk_34,topic_anchored,2253,2342,Salt for water purification,sodium salt based batteries,Technology,0.88,'what are your thoughts on sodium salt based batteries as opposed to... expensive batteries'
TGS-127-EdConway,tgs:Interview.TGS_127_EdConway,TGS127_chunk_34,topic_anchored,2253,2342,Salt for water purification,life support system,Concept,0.6,'they are our life support system. And it begins with salt.' Metaphorical framing used repeatedly by both speakers.
TGS-127-EdConway,tgs:Interview.TGS_127_EdConway,TGS127_chunk_36,topic_anchored,2411,2430,Sodium batteries,soda ash,Material,0.95,"""I talked about soda ash... the sodium in sodium ion batteries generally begins as soda ash"""
TGS-127-EdConway,tgs:Interview.TGS_127_EdConway,TGS127_chunk_36,topic_anchored,2411,2430,Sodium batteries,sodium carbonate,Material,0.93,"""begins as soda ash, so sodium carbonate, which begins as salt"" — chemical name for soda ash"
TGS-127-EdConway,tgs:Interview.TGS_127_EdConway,TGS127_chunk_36,topic_anchored,2411,2430,Sodium batteries,salt,Material,0.85,"""It starts as salt in most countries"""
TGS-127-EdConway,tgs:Interview.TGS_127_EdConway,TGS127_chunk_36,topic_anchored,2411,2430,Sodium batteries,sodium ion batteries,Technology,0.92,"""the sodium in sodium ion batteries generally begins as soda ash""; matches curator chunk topic 'Sodium batteries'"
TGS-127-EdConway,tgs:Interview.TGS_127_EdConway,TGS127_chunk_36,topic_anchored,2411,2430,Sodium batteries,U.S.,Location,0.9,"""in the U S and Turkey and a few other places, you've got these massive deposits of soda ash""; rendered variously as 'U S', 'U.S.', 'U. S.' in the chunk — spacing artifacts of transcription"
TGS-127-EdConway,tgs:Interview.TGS_127_EdConway,TGS127_chunk_36,topic_anchored,2411,2430,Sodium batteries,Turkey,Location,0.92,"""in the U S and Turkey and a few other places, you've got these massive deposits of soda ash"""
TGS-127-EdConway,tgs:Interview.TGS_127_EdConway,TGS127_chunk_36,topic_anchored,2411,2430,Sodium batteries,lithium,Material,0.96,"""With lithium, which obviously is the big one when it comes to energy storage... it's one of my materials"""
TGS-127-EdConway,tgs:Interview.TGS_127_EdConway,TGS127_chunk_36,topic_anchored,2411,2430,Sodium batteries,copper,Material,0.94,"""like, with copper, with iron... We have thousands of years, certainly with copper"""
TGS-127-EdConway,tgs:Interview.TGS_127_EdConway,TGS127_chunk_36,topic_anchored,2411,2430,Sodium batteries,iron,Material,0.93,"""with copper, with iron, with all, pretty much every other element in the periodic table"""
TGS-127-EdConway,tgs:Interview.TGS_127_EdConway,TGS127_chunk_36,topic_anchored,2411,2430,Sodium batteries,brine,Material,0.8,"""you don't have to get that brine and put it through a very energy intensive process to turn the salt into soda ash"""
TGS-127-EdConway,tgs:Interview.TGS_127_EdConway,TGS127_chunk_36,topic_anchored,2411,2430,Sodium batteries,periodic table,Concept,0.75,"""pretty much every other element in the periodic table"""
TGS-127-EdConway,tgs:Interview.TGS_127_EdConway,TGS127_chunk_36,topic_anchored,2411,2430,Sodium batteries,energy storage,Concept,0.8,"""alternative and slightly lower density energy storage media"""
TGS-127-EdConway,tgs:Interview.TGS_127_EdConway,TGS127_chunk_36,topic_anchored,2411,2430,Sodium batteries,mining,Industry,0.7,"""the other bit of my expertise, which is kind of understanding a bit about mining and where resources come from"""
TGS-127-EdConway,tgs:Interview.TGS_127_EdConway,TGS127_chunk_36,topic_anchored,2411,2430,Sodium batteries,industrial metals,Concept,0.65,"""loads of the kind of industrial metals"""
TGS-127-EdConway,tgs:Interview.TGS_127_EdConway,TGS127_chunk_36,topic_anchored,2411,2430,Sodium batteries,Ed Conway,Person,0.97,Speaker label for the chunk; guest named in episode metadata
TGS-127-EdConway,tgs:Interview.TGS_127_EdConway,TGS127_chunk_38_filler,filler,2554,2561,,Nate Hagens,Person,0.98,Speaker label for the host: 'Nate Hagens [42:34]' — matches episode metadata host.
TGS-127-EdConway,tgs:Interview.TGS_127_EdConway,TGS127_chunk_38_filler,filler,2554,2561,,lithium,Material,0.95,"'Why is lithium so special and important in the global economy?' — named material, central to episode's materials theme."
TGS-127-EdConway,tgs:Interview.TGS_127_EdConway,TGS127_chunk_39,topic_anchored,2561,2605,"Lithium scarcity, lithium uniqueness as an energy storage medium",lithium,Material,0.98,"""nothing else on the periodic table that has the potential as an energy storage kind of metal"" — lithium discussed throughout"
TGS-127-EdConway,tgs:Interview.TGS_127_EdConway,TGS127_chunk_39,topic_anchored,2561,2605,"Lithium scarcity, lithium uniqueness as an energy storage medium",Thomas Edison,Person,0.97,"""Thomas Edison was playing around with lithium back in... the turn of the 20th century"""
TGS-127-EdConway,tgs:Interview.TGS_127_EdConway,TGS127_chunk_39,topic_anchored,2561,2605,"Lithium scarcity, lithium uniqueness as an energy storage medium",lithium ion batteries,Technology,0.94,"""it took all the way through till the 1970s for us to actually master lithium ion batteries"""
TGS-127-EdConway,tgs:Interview.TGS_127_EdConway,TGS127_chunk_39,topic_anchored,2561,2605,"Lithium scarcity, lithium uniqueness as an energy storage medium",periodic table,Concept,0.8,"""there's nothing else on the periodic table"""
TGS-127-EdConway,tgs:Interview.TGS_127_EdConway,TGS127_chunk_39,topic_anchored,2561,2605,"Lithium scarcity, lithium uniqueness as an energy storage medium",hydrocarbons,Material,0.88,"""it's not energy dense compared with things like hydrocarbons"""
TGS-127-EdConway,tgs:Interview.TGS_127_EdConway,TGS127_chunk_39,topic_anchored,2561,2605,"Lithium scarcity, lithium uniqueness as an energy storage medium",hydrogen,Material,0.9,"""you kind of find yourself encountering the hydrogen guys, and it's all about hydrogen"""
TGS-127-EdConway,tgs:Interview.TGS_127_EdConway,TGS127_chunk_39,topic_anchored,2561,2605,"Lithium scarcity, lithium uniqueness as an energy storage medium",geothermal,Technology,0.75,"""some other guys, that geothermal guy"" — energy technology named among competing options"
TGS-127-EdConway,tgs:Interview.TGS_127_EdConway,TGS127_chunk_39,topic_anchored,2561,2605,"Lithium scarcity, lithium uniqueness as an energy storage medium",electric cars,Technology,0.85,"""electric cars existed back in the early 1900s, but they were rubbish"""
TGS-127-EdConway,tgs:Interview.TGS_127_EdConway,TGS127_chunk_39,topic_anchored,2561,2605,"Lithium scarcity, lithium uniqueness as an energy storage medium",smartphones,Technology,0.75,"""it's only thanks to that we have the smartphones or the electric cars"""
TGS-127-EdConway,tgs:Interview.TGS_127_EdConway,TGS127_chunk_39,topic_anchored,2561,2605,"Lithium scarcity, lithium uniqueness as an energy storage medium",energy transitions,Concept,0.7,"""I hadn't realized... that it would be a bit about energy transitions"""
TGS-127-EdConway,tgs:Interview.TGS_127_EdConway,TGS127_chunk_39,topic_anchored,2561,2605,"Lithium scarcity, lithium uniqueness as an energy storage medium",1970s,TimePeriod,0.7,"""it took all the way through till the 1970s for us to actually master lithium ion batteries"""
TGS-127-EdConway,tgs:Interview.TGS_127_EdConway,TGS127_chunk_39,topic_anchored,2561,2605,"Lithium scarcity, lithium uniqueness as an energy storage medium",early 1900s,TimePeriod,0.65,"""electric cars existed back in the early 1900s"""
TGS-127-EdConway,tgs:Interview.TGS_127_EdConway,TGS127_chunk_39,topic_anchored,2561,2605,"Lithium scarcity, lithium uniqueness as an energy storage medium",this book,Work_Publication,0.5,"""when I was writing this book"" — unnamed reference, likely the episode's featured book 'Material World'; not explicitly named in chunk"
TGS-127-EdConway,tgs:Interview.TGS_127_EdConway,TGS127_chunk_41_filler,filler,2702,2779,,iPencil essay,Work_Publication_LIKELY_ASR_ERROR,0.7,"""on your business card you should have a hyperlink to the iPencil essay"" — almost certainly the essay ""I, Pencil""; rendered as one word 'iPencil', likely a transcription artifact."
TGS-127-EdConway,tgs:Interview.TGS_127_EdConway,TGS127_chunk_41_filler,filler,2702,2779,,Nate Hagens,Person,0.97,Speaker label; host of the episode.
TGS-127-EdConway,tgs:Interview.TGS_127_EdConway,TGS127_chunk_41_filler,filler,2702,2779,,Ed Conway,Person,0.97,"Speaker label; guest, author of the book discussed."
TGS-127-EdConway,tgs:Interview.TGS_127_EdConway,TGS127_chunk_41_filler,filler,2702,2779,,World War II,Event,0.93,"""the World War II binocular shortage, in the UK"" — historical war referenced as context for supply shortages."
TGS-127-EdConway,tgs:Interview.TGS_127_EdConway,TGS127_chunk_41_filler,filler,2702,2779,,UK,Location,0.94,"""the World War II binocular shortage, in the UK"" and ""the UK's dependence on ... Germany""."
TGS-127-EdConway,tgs:Interview.TGS_127_EdConway,TGS127_chunk_41_filler,filler,2702,2779,,Germany,Location,0.94,"""the UK's dependence on, on Germany for, for, binoculars back then."""
TGS-127-EdConway,tgs:Interview.TGS_127_EdConway,TGS127_chunk_41_filler,filler,2702,2779,,China,Location,0.94,"""our dependence on ... China for batteries""."
TGS-127-EdConway,tgs:Interview.TGS_127_EdConway,TGS127_chunk_41_filler,filler,2702,2779,,copper,Material,0.95,"""let's move on to copper... you describe copper as, being in basically everything""."
TGS-127-EdConway,tgs:Interview.TGS_127_EdConway,TGS127_chunk_41_filler,filler,2702,2779,,oil,Material,0.85,"""I want to get to copper and oil""."
TGS-127-EdConway,tgs:Interview.TGS_127_EdConway,TGS127_chunk_41_filler,filler,2702,2779,,binoculars,Product,0.8,"""the UK's dependence on ... Germany for ... binoculars back then"" — wartime shortage example."
TGS-127-EdConway,tgs:Interview.TGS_127_EdConway,TGS127_chunk_41_filler,filler,2702,2779,,batteries,Product,0.8,"""our dependence on ... China for batteries""."
TGS-127-EdConway,tgs:Interview.TGS_127_EdConway,TGS127_chunk_41_filler,filler,2702,2779,,wind turbines,Product,0.8,"""wind turbines, lots of other things as well"" — cited as another dependency."
TGS-127-EdConway,tgs:Interview.TGS_127_EdConway,TGS127_chunk_41_filler,filler,2702,2779,,complex system,Concept,0.7,"""We live in a complex system. It is not a reductionist story."""
TGS-127-EdConway,tgs:Interview.TGS_127_EdConway,TGS127_chunk_41_filler,filler,2702,2779,,reductionist,Concept,0.55,"""It is not a reductionist story"" — invoked as a contrasting mode of explanation."
TGS-127-EdConway,tgs:Interview.TGS_127_EdConway,TGS127_chunk_42,topic_anchored,2779,2812,Copper importance and availability,aluminum,Material,0.97,"""you can use aluminum, aluminum... aluminum is a better"" — discussed as a substitutable conductor; speaker jokes about US vs UK pronunciation (aluminium)"
TGS-127-EdConway,tgs:Interview.TGS_127_EdConway,TGS127_chunk_42,topic_anchored,2779,2812,Copper importance and availability,aluminium,Material_NAME_VARIANT_CONFLICT,0.6,"Speaker explicitly discusses the 'IUM thing at the end of aluminum' and that UK English says the longer form; transcript renders both pronunciations as 'aluminum', so the intended UK variant 'aluminium' is likely collapsed/mis-transcribed"
TGS-127-EdConway,tgs:Interview.TGS_127_EdConway,TGS127_chunk_42,topic_anchored,2779,2812,Copper importance and availability,alumina,Material,0.85,"""it really shouldn't be there based... it's alumina"" — cited as the root name of the metal"
TGS-127-EdConway,tgs:Interview.TGS_127_EdConway,TGS127_chunk_42,topic_anchored,2779,2812,Copper importance and availability,silver,Material,0.93,"""silver. it would be amazing, but obviously it's much more scarce and expensive"" — as a conductor alternative to copper"
TGS-127-EdConway,tgs:Interview.TGS_127_EdConway,TGS127_chunk_42,topic_anchored,2779,2812,Copper importance and availability,copper,Material,0.98,"central topic: ""the thing about copper is just that it's like with steel... the right kind of performance plus the right kind of availability"""
TGS-127-EdConway,tgs:Interview.TGS_127_EdConway,TGS127_chunk_42,topic_anchored,2779,2812,Copper importance and availability,steel,Material,0.94,"""it's like with steel"" — compared to copper as a Goldilocks material"
TGS-127-EdConway,tgs:Interview.TGS_127_EdConway,TGS127_chunk_42,topic_anchored,2779,2812,Copper importance and availability,lithium,Material,0.93,"""people like to talk about lithium because it's sexy"""
TGS-127-EdConway,tgs:Interview.TGS_127_EdConway,TGS127_chunk_42,topic_anchored,2779,2812,Copper importance and availability,UK,Location,0.92,"""We, in the UK should be saying aluminum... anyone from the UK hearing that will choke"""
TGS-127-EdConway,tgs:Interview.TGS_127_EdConway,TGS127_chunk_42,topic_anchored,2779,2812,Copper importance and availability,British English,Concept,0.8,"""British English is, you know, it's the Queen's English or the King's English"""
TGS-127-EdConway,tgs:Interview.TGS_127_EdConway,TGS127_chunk_42,topic_anchored,2779,2812,Copper importance and availability,Queen's English,Concept,0.78,"""it's the Queen's English or the King's English"" — naming conventions of British English"
TGS-127-EdConway,tgs:Interview.TGS_127_EdConway,TGS127_chunk_42,topic_anchored,2779,2812,Copper importance and availability,King's English,Concept,0.78,"""the Queen's English or the King's English"""
TGS-127-EdConway,tgs:Interview.TGS_127_EdConway,TGS127_chunk_42,topic_anchored,2779,2812,Copper importance and availability,peak copper,Concept,0.9,"""we can talk about peak copper... a lot of people have been predicting peak copper for quite some time"""
TGS-127-EdConway,tgs:Interview.TGS_127_EdConway,TGS127_chunk_42,topic_anchored,2779,2812,Copper importance and availability,Julian Simon,Person,0.94,"""the bets between this economist, Julian Simon and Paul Ehrlich"" — described as an economist"
TGS-127-EdConway,tgs:Interview.TGS_127_EdConway,TGS127_chunk_42,topic_anchored,2779,2812,Copper importance and availability,Paul Ehrlich,Person,0.94,"""Julian Simon and Paul Ehrlich, the population bond guy"""
TGS-127-EdConway,tgs:Interview.TGS_127_EdConway,TGS127_chunk_42,topic_anchored,2779,2812,Copper importance and availability,The Population Bomb,Work_Publication_LIKELY_ASR_ERROR,0.6,"Transcript reads ""the population bond guy"" in reference to Paul Ehrlich; 'bond' is almost certainly a mis-transcription of 'Bomb' (Ehrlich's book title)"
TGS-127-EdConway,tgs:Interview.TGS_127_EdConway,TGS127_chunk_42,topic_anchored,2779,2812,Copper importance and availability,Moore's Law,Concept,0.93,"""I call it, it's almost like Moore's Law. It's a productivity story"""
TGS-127-EdConway,tgs:Interview.TGS_127_EdConway,TGS127_chunk_42,topic_anchored,2779,2812,Copper importance and availability,ultra class vehicles,Technology,0.85,"""You had these kind of massive trucks, the ultra class vehicles"" — mining haul trucks that changed economies of scale in the 1980s"
TGS-127-EdConway,tgs:Interview.TGS_127_EdConway,TGS127_chunk_42,topic_anchored,2779,2812,Copper importance and availability,Goldilocks,Concept,0.75,"""that you say Goldilocks earlier. It's just the right kind of performance plus the right kind of availability"" — Goldilocks framing for materials"
TGS-127-EdConway,tgs:Interview.TGS_127_EdConway,TGS127_chunk_42,topic_anchored,2779,2812,Copper importance and availability,Material World,Work_Publication,0.55,"""there's a whole thing in my book about this battle between... Julian Simon and Paul Ehrlich"" — the book is not named in this chunk; title inferred only from supplied episode metadata"
TGS-127-EdConway,tgs:Interview.TGS_127_EdConway,TGS127_chunk_45,topic_anchored,2909,3007,Julian Simons and Paul Ehrlich bet,Nate Hagens,Person,0.98,Speaker label 'Nate Hagens [49:43]'; host of the episode
TGS-127-EdConway,tgs:Interview.TGS_127_EdConway,TGS127_chunk_45,topic_anchored,2909,3007,Julian Simons and Paul Ehrlich bet,Ed Conway,Person,0.98,Speaker label 'Ed Conway [49:52]'; guest of the episode
TGS-127-EdConway,tgs:Interview.TGS_127_EdConway,TGS127_chunk_45,topic_anchored,2909,3007,Julian Simons and Paul Ehrlich bet,oil,Material,0.9,'oil and energy were cheap and abundant during that period' and 'oil with the energy intensity of copper mining'
TGS-127-EdConway,tgs:Interview.TGS_127_EdConway,TGS127_chunk_45,topic_anchored,2909,3007,Julian Simons and Paul Ehrlich bet,copper,Material,0.92,'the energy intensity of copper mining went through the roof'
TGS-127-EdConway,tgs:Interview.TGS_127_EdConway,TGS127_chunk_45,topic_anchored,2909,3007,Julian Simons and Paul Ehrlich bet,copper mining,Industry_Activity,0.85,'the energy intensity of copper mining went through the roof at the same time'
TGS-127-EdConway,tgs:Interview.TGS_127_EdConway,TGS127_chunk_45,topic_anchored,2909,3007,Julian Simons and Paul Ehrlich bet,energy intensity,Concept,0.8,'the energy intensity of copper mining went through the roof'
TGS-127-EdConway,tgs:Interview.TGS_127_EdConway,TGS127_chunk_45,topic_anchored,2909,3007,Julian Simons and Paul Ehrlich bet,water intensity,Concept,0.75,'And also the water intensity and all of these things along the way'
TGS-127-EdConway,tgs:Interview.TGS_127_EdConway,TGS127_chunk_46_filler,filler,3007,3008,,copper,Material,0.97,"""let's take copper as one of them, is there are zillions of tons of copper... in the Earth's crust"""
TGS-127-EdConway,tgs:Interview.TGS_127_EdConway,TGS127_chunk_46_filler,filler,3007,3008,,Montana,Location,0.95,"""we had places in Montana that had 40% or grade, in the early 20th century"""
TGS-127-EdConway,tgs:Interview.TGS_127_EdConway,TGS127_chunk_46_filler,filler,3007,3008,,United States,Location,0.94,"""for the whole United States, it was 4%"" — also referenced as ""my country"" by the host"
TGS-127-EdConway,tgs:Interview.TGS_127_EdConway,TGS127_chunk_46_filler,filler,3007,3008,,Earth's crust,Location,0.7,"""zillions of tons of copper, technically, in the Earth's crust"""
TGS-127-EdConway,tgs:Interview.TGS_127_EdConway,TGS127_chunk_46_filler,filler,3007,3008,,oil,Material,0.9,"""forget about the peak of oil, just the peak of oil, of cheap oil"""
TGS-127-EdConway,tgs:Interview.TGS_127_EdConway,TGS127_chunk_46_filler,filler,3007,3008,,peak oil,Concept,0.75,"""forget about the peak of oil... the peak of cheap oil"" — named as a concept about resource depletion"
TGS-127-EdConway,tgs:Interview.TGS_127_EdConway,TGS127_chunk_46_filler,filler,3007,3008,,overburden,Concept,0.6,"""so we need more and more overburden"" — mining term used as concept/material category"
TGS-127-EdConway,tgs:Interview.TGS_127_EdConway,TGS127_chunk_48,topic_anchored,3028,3107,Declining density of copper in the crust available for mining,Ed Conway,Person,0.98,Speaker of the chunk; guest named in episode metadata.
TGS-127-EdConway,tgs:Interview.TGS_127_EdConway,TGS127_chunk_48,topic_anchored,3028,3107,Declining density of copper in the crust available for mining,Copper,Material,0.95,"""Copper isn't going to peak and decline because we're running out of copper ore per se."""
TGS-127-EdConway,tgs:Interview.TGS_127_EdConway,TGS127_chunk_48,topic_anchored,3028,3107,Declining density of copper in the crust available for mining,Chukicamata,Location_Mine_LIKELY_ASR_ERROR,0.6,"""I went to this mine called Chukicamata, which is the biggest hole in the world"" — likely transcription of the Chilean mine Chuquicamata; spelling appears garbled."
TGS-127-EdConway,tgs:Interview.TGS_127_EdConway,TGS127_chunk_48,topic_anchored,3028,3107,Declining density of copper in the crust available for mining,Chile,Location,0.95,"""In Chile? Yeah, in Chile, exactly"" — location of the copper mine discussed."
TGS-127-EdConway,tgs:Interview.TGS_127_EdConway,TGS127_chunk_48,topic_anchored,3028,3107,Declining density of copper in the crust available for mining,Bingham Canyon,Location_Mine,0.92,"""it vies with Bingham Canyon in Utah for the claim of being the biggest man made hole in the world"""
TGS-127-EdConway,tgs:Interview.TGS_127_EdConway,TGS127_chunk_48,topic_anchored,3028,3107,Declining density of copper in the crust available for mining,Utah,Location,0.93,"""Bingham Canyon within, in Utah"""
TGS-127-EdConway,tgs:Interview.TGS_127_EdConway,TGS127_chunk_48,topic_anchored,3028,3107,Declining density of copper in the crust available for mining,Edison,Person,0.75,"""back in ... the early era when it was kind of Edison"" — referenced as a time marker; surname only, no first name given."
TGS-127-EdConway,tgs:Interview.TGS_127_EdConway,TGS127_chunk_48,topic_anchored,3028,3107,Declining density of copper in the crust available for mining,diesel,Material,0.85,"""they're all running on diesel, it's massively energy intensive"""
TGS-127-EdConway,tgs:Interview.TGS_127_EdConway,TGS127_chunk_49,topic_anchored,3107,3221,Chuquicamata,copper,Material,0.97,"'we need to mine more copper than we ever have, as a species' — central material of the discussion"
TGS-127-EdConway,tgs:Interview.TGS_127_EdConway,TGS127_chunk_49,topic_anchored,3107,3221,Chuquicamata,aluminium,Material,0.95,"'you can't really substitute aluminium, you can do some aluminium for... undersea high voltage cables'"
TGS-127-EdConway,tgs:Interview.TGS_127_EdConway,TGS127_chunk_49,topic_anchored,3107,3221,Chuquicamata,net zero,Concept,0.85,"'If we aspire to net zero, which I have many issues with' — climate policy goal named as a concept"
TGS-127-EdConway,tgs:Interview.TGS_127_EdConway,TGS127_chunk_49,topic_anchored,3107,3221,Chuquicamata,energy transition,Concept,0.86,'copper is actually the one we need to be talking about when it comes to energy transition materials'
TGS-127-EdConway,tgs:Interview.TGS_127_EdConway,TGS127_chunk_49,topic_anchored,3107,3221,Chuquicamata,Nate Hagens,Person,0.98,Speaker label; host of the episode
TGS-127-EdConway,tgs:Interview.TGS_127_EdConway,TGS127_chunk_49,topic_anchored,3107,3221,Chuquicamata,Ed Conway,Person,0.98,Speaker label; guest and author discussed in episode title
TGS-127-EdConway,tgs:Interview.TGS_127_EdConway,TGS127_chunk_49,topic_anchored,3107,3221,Chuquicamata,Chuquicamata,Location,0.7,"Curator-supplied chunk topic (a Chilean copper mine); not actually spoken in this chunk text, so flagged as context-only rather than textually attested"
TGS-127-EdConway,tgs:Interview.TGS_127_EdConway,TGS127_chunk_50_filler,filler,3221,3285,,Nate Hagens,Person,0.98,Host speaker label throughout chunk
TGS-127-EdConway,tgs:Interview.TGS_127_EdConway,TGS127_chunk_50_filler,filler,3221,3285,,Ed Conway,Person,0.98,Guest speaker label; author of the book discussed
TGS-127-EdConway,tgs:Interview.TGS_127_EdConway,TGS127_chunk_50_filler,filler,3221,3285,,copper,Material,0.95,'let's assume that copper is essential and we're going to need an order of magnitude plus more copper'
TGS-127-EdConway,tgs:Interview.TGS_127_EdConway,TGS127_chunk_50_filler,filler,3221,3285,,lithium,Material,0.94,"'where a lot of the world's copper is, and lithium, by the way'"
TGS-127-EdConway,tgs:Interview.TGS_127_EdConway,TGS127_chunk_50_filler,filler,3221,3285,,water,Material,0.8,'the water is really necessary in Chile'; 'You're mining the water'
TGS-127-EdConway,tgs:Interview.TGS_127_EdConway,TGS127_chunk_50_filler,filler,3221,3285,,arsenic,Material,0.9,'they're terrified about arsenic levels in the ground and in the air'
TGS-127-EdConway,tgs:Interview.TGS_127_EdConway,TGS127_chunk_50_filler,filler,3221,3285,,Chile,Location,0.96,"'like you were in Chile, but a lot of places in the world where the copper is located'"
TGS-127-EdConway,tgs:Interview.TGS_127_EdConway,TGS127_chunk_50_filler,filler,3221,3285,,South America,Location,0.85,'the water is really necessary in Chile and other South American places'
TGS-127-EdConway,tgs:Interview.TGS_127_EdConway,TGS127_chunk_50_filler,filler,3221,3285,,Atacama Desert,Location,0.95,"'this, the, Atacama Desert where a lot of the world's copper is, and lithium'"
TGS-127-EdConway,tgs:Interview.TGS_127_EdConway,TGS127_chunk_50_filler,filler,3221,3285,,Antarctic,Location,0.8,"'the world's driest area, save for like an area in the, I think the Antarctic'"
TGS-127-EdConway,tgs:Interview.TGS_127_EdConway,TGS127_chunk_50_filler,filler,3221,3285,,Manhattan,Location,0.92,'The tailings dam is bigger than Manhattan' — used as a size comparison
TGS-127-EdConway,tgs:Interview.TGS_127_EdConway,TGS127_chunk_50_filler,filler,3221,3285,,kata,Mine_LIKELY_ASR_ERROR,0.3,'The tailings dam for kata' — appears to be a truncated/garbled mine name (possibly a Chilean copper mine); transcript gives no full form
TGS-127-EdConway,tgs:Interview.TGS_127_EdConway,TGS127_chunk_50_filler,filler,3221,3285,,net zero,Concept,0.9,'one of the biggest obstacles for net zero'; 'if we are going to fulfill net zero... now in 2050'
TGS-127-EdConway,tgs:Interview.TGS_127_EdConway,TGS127_chunk_50_filler,filler,3221,3285,,energy transition,Concept,0.85,'based on the supply requirements of energy transition'
TGS-127-EdConway,tgs:Interview.TGS_127_EdConway,TGS127_chunk_50_filler,filler,3221,3285,,tailings dam,Concept,0.75,'you've got problems with the tailings dam... that's the toxic waste dump'
TGS-127-EdConway,tgs:Interview.TGS_127_EdConway,TGS127_chunk_50_filler,filler,3221,3285,,2050,Date_Target,0.75,"'we need another three of these mines every year between now and net zero, now in 2050'"
TGS-127-EdConway,tgs:Interview.TGS_127_EdConway,TGS127_chunk_52,topic_anchored,3352,3441,Health effects in mining towns,Nate Hagens,Person,0.98,"Host of the episode, speaker label 'Nate Hagens [56:29]'; also addressed as 'Nate' by guest"
TGS-127-EdConway,tgs:Interview.TGS_127_EdConway,TGS127_chunk_52,topic_anchored,3352,3441,Health effects in mining towns,Ed Conway,Person,0.98,Guest speaker label 'Ed Conway [57:09]'
TGS-127-EdConway,tgs:Interview.TGS_127_EdConway,TGS127_chunk_52,topic_anchored,3352,3441,Health effects in mining towns,International Energy Agency,Organization,0.96,'the International Energy Agency does separate reports on this stuff'; later 'the best one is from the International Energy Agency'
TGS-127-EdConway,tgs:Interview.TGS_127_EdConway,TGS127_chunk_52,topic_anchored,3352,3441,Health effects in mining towns,net zero,Concept,0.9,'the standard runs of the math of net zero'; discussed as modeling target
TGS-127-EdConway,tgs:Interview.TGS_127_EdConway,TGS127_chunk_52,topic_anchored,3352,3441,Health effects in mining towns,Sub Saharan Africa,Location,0.93,"'you have to assume that places like Sub Saharan Africa, in terms of just their energy consumption'"
TGS-127-EdConway,tgs:Interview.TGS_127_EdConway,TGS127_chunk_52,topic_anchored,3352,3441,Health effects in mining towns,India,Location,0.95,"'if you're assuming that India isn't going to be able to develop, then why are they going to sign up to net zero?'"
TGS-127-EdConway,tgs:Interview.TGS_127_EdConway,TGS127_chunk_52,topic_anchored,3352,3441,Health effects in mining towns,copper,Material,0.94,'the amount of molecules of copper and lithium that are available in the world'
TGS-127-EdConway,tgs:Interview.TGS_127_EdConway,TGS127_chunk_52,topic_anchored,3352,3441,Health effects in mining towns,lithium,Material,0.94,'molecules of copper and lithium that are available in the world'
TGS-127-EdConway,tgs:Interview.TGS_127_EdConway,TGS127_chunk_52,topic_anchored,3352,3441,Health effects in mining towns,arsenic,Material,0.9,'without social villagers worried about arsenic limits' — relates to mining town health effects
TGS-127-EdConway,tgs:Interview.TGS_127_EdConway,TGS127_chunk_52,topic_anchored,3352,3441,Health effects in mining towns,energy transition,Concept,0.85,'think tanks around the world that are promoting the energy transition'
TGS-127-EdConway,tgs:Interview.TGS_127_EdConway,TGS127_chunk_52,topic_anchored,3352,3441,Health effects in mining towns,primary energy,Concept,0.7,"'this is not primary energy, this is, I think, secondary'"
TGS-127-EdConway,tgs:Interview.TGS_127_EdConway,TGS127_chunk_52,topic_anchored,3352,3441,Health effects in mining towns,green energy,Concept,0.75,"'this is, like, green energy, any energy per capita'"
TGS-127-EdConway,tgs:Interview.TGS_127_EdConway,TGS127_chunk_52,topic_anchored,3352,3441,Health effects in mining towns,The rich world,Concept,0.6,"'you've got The rich world, us, saying...' — used as a collective grouping rather than a named place"
TGS-127-EdConway,tgs:Interview.TGS_127_EdConway,TGS127_chunk_54_filler,filler,3540,3583,,Nate Hagens,Person,0.98,Speaker label for the host of the episode
TGS-127-EdConway,tgs:Interview.TGS_127_EdConway,TGS127_chunk_54_filler,filler,3540,3583,,China,Location,0.95,"""there's saber rattling with China and Taiwan"" — geopolitical actor / country"
TGS-127-EdConway,tgs:Interview.TGS_127_EdConway,TGS127_chunk_54_filler,filler,3540,3583,,Taiwan,Location,0.95,"""saber rattling with China and Taiwan, et cetera"""
TGS-127-EdConway,tgs:Interview.TGS_127_EdConway,TGS127_chunk_54_filler,filler,3540,3583,,Russia,Location,0.96,"""So Russia. Not by a GDP sense, but by a natural resource mineral energy sense is one of the richest countries in the world."""
TGS-127-EdConway,tgs:Interview.TGS_127_EdConway,TGS127_chunk_54_filler,filler,3540,3583,,GDP,Concept,0.8,"""Not by a GDP sense... not by a dollar GDP"" — economic measure referenced"
TGS-127-EdConway,tgs:Interview.TGS_127_EdConway,TGS127_chunk_54_filler,filler,3540,3583,,net zero,Concept,0.85,"""we have to maintain these international agreements to reach these net zero goals"""
TGS-127-EdConway,tgs:Interview.TGS_127_EdConway,TGS127_chunk_54_filler,filler,3540,3583,,globalized supply chains,Concept,0.6,"""global commerce and globalized supply chains""; also ""complex Byzantine supply chains"" later in chunk"
TGS-127-EdConway,tgs:Interview.TGS_127_EdConway,TGS127_chunk_54_filler,filler,3540,3583,,social justice,Concept,0.55,"""that's also a risk on top of water and social justice and other things"""
TGS-127-EdConway,tgs:Interview.TGS_127_EdConway,TGS127_chunk_55,topic_anchored,3583,3653,Russia is one of the richest countries in natural resources,Ed Conway,Person,0.98,Speaker attribution 'Ed Conway [1:00:06]'; guest of the episode
TGS-127-EdConway,tgs:Interview.TGS_127_EdConway,TGS127_chunk_55,topic_anchored,3583,3653,Russia is one of the richest countries in natural resources,Nate,Person,0.94,"'that's before, you know, Nate, we get to the question' — host Nate Hagens referred to by first name"
TGS-127-EdConway,tgs:Interview.TGS_127_EdConway,TGS127_chunk_55,topic_anchored,3583,3653,Russia is one of the richest countries in natural resources,China,Location,0.97,'so you can't get stuff from China anymore'; 'it goes to the factory in China'
TGS-127-EdConway,tgs:Interview.TGS_127_EdConway,TGS127_chunk_55,topic_anchored,3583,3653,Russia is one of the richest countries in natural resources,Birmingham,Location,0.97,'this factory and just outside Birmingham in the UK'
TGS-127-EdConway,tgs:Interview.TGS_127_EdConway,TGS127_chunk_55,topic_anchored,3583,3653,Russia is one of the richest countries in natural resources,UK,Location,0.95,'just outside Birmingham in the UK'
TGS-127-EdConway,tgs:Interview.TGS_127_EdConway,TGS127_chunk_55,topic_anchored,3583,3653,Russia is one of the richest countries in natural resources,the Midlands,Location,0.92,"'So in the Midlands, in our, what's left of our industrial belt'"
TGS-127-EdConway,tgs:Interview.TGS_127_EdConway,TGS127_chunk_55,topic_anchored,3583,3653,Russia is one of the richest countries in natural resources,globalization,Concept,0.85,'the world that we inhabit today is a consequence of globalization'; 'the nature of modern globalization'
TGS-127-EdConway,tgs:Interview.TGS_127_EdConway,TGS127_chunk_55,topic_anchored,3583,3653,Russia is one of the richest countries in natural resources,net zero,Concept,0.8,'even leaving aside net zero'
TGS-127-EdConway,tgs:Interview.TGS_127_EdConway,TGS127_chunk_55,topic_anchored,3583,3653,Russia is one of the richest countries in natural resources,supply chains,Concept,0.7,'without supply chains that bestride the globe'
TGS-127-EdConway,tgs:Interview.TGS_127_EdConway,TGS127_chunk_55,topic_anchored,3583,3653,Russia is one of the richest countries in natural resources,pinch points,Concept,0.6,'it has more pinch points than we understand right now'
TGS-127-EdConway,tgs:Interview.TGS_127_EdConway,TGS127_chunk_55,topic_anchored,3583,3653,Russia is one of the richest countries in natural resources,Material World,Work_Publication,0.55,"'if there's one subtitle of the book that I, that isn't in there' — refers to his book, titled in episode metadata as 'Material World'; book not named explicitly in chunk"
TGS-127-EdConway,tgs:Interview.TGS_127_EdConway,TGS127_chunk_57_filler,filler,3796,3804,,Nate Hagens,Person,0.98,Speaker label for the host of the episode.
TGS-127-EdConway,tgs:Interview.TGS_127_EdConway,TGS127_chunk_57_filler,filler,3796,3804,,Fukushima,Location,0.93,"'when the Fukushima, earthquake happened' — referenced as location of earthquake and pigment source."
TGS-127-EdConway,tgs:Interview.TGS_127_EdConway,TGS127_chunk_57_filler,filler,3796,3804,,Fukushima Daiichi,Location,0.85,"'a pigment, for the, paint that only came from Fukushima Daiichi' — rendered both as 'Fukushima' and 'Fukushima Daiichi' in same chunk; possible conflation of the nuclear plant name with the region, flagged as name variant."
TGS-127-EdConway,tgs:Interview.TGS_127_EdConway,TGS127_chunk_57_filler,filler,3796,3804,,Ford,Organization,0.9,"'Ford truck, in, Detroit had to shut down, their manufacturing plant'."
TGS-127-EdConway,tgs:Interview.TGS_127_EdConway,TGS127_chunk_57_filler,filler,3796,3804,,Detroit,Location,0.95,"'Ford truck, in, Detroit had to shut down'."
TGS-127-EdConway,tgs:Interview.TGS_127_EdConway,TGS127_chunk_57_filler,filler,3796,3804,,comparative advantage,Concept,0.9,"'the economic, theory or, observation of comparative advantage, where you make guns or butter'."
TGS-127-EdConway,tgs:Interview.TGS_127_EdConway,TGS127_chunk_57_filler,filler,3796,3804,,import substitution,Concept,0.85,"'we're at the apex of a 50 year plus period of import substitution' — possibly a misstatement of the intended economic concept, but named as-is."
TGS-127-EdConway,tgs:Interview.TGS_127_EdConway,TGS127_chunk_57_filler,filler,3796,3804,,guns or butter,Concept,0.7,'where you make guns or butter' — classic economics illustration of production tradeoffs.
TGS-127-EdConway,tgs:Interview.TGS_127_EdConway,TGS127_chunk_57_filler,filler,3796,3804,,salt,Material,0.9,'insights into how salt and sand and copper and oil'.
TGS-127-EdConway,tgs:Interview.TGS_127_EdConway,TGS127_chunk_57_filler,filler,3796,3804,,sand,Material,0.9,'how salt and sand and copper and oil'.
TGS-127-EdConway,tgs:Interview.TGS_127_EdConway,TGS127_chunk_57_filler,filler,3796,3804,,copper,Material,0.9,'how salt and sand and copper and oil'.
TGS-127-EdConway,tgs:Interview.TGS_127_EdConway,TGS127_chunk_57_filler,filler,3796,3804,,oil,Material,0.88,'how salt and sand and copper and oil'.
TGS-127-EdConway,tgs:Interview.TGS_127_EdConway,TGS127_chunk_57_filler,filler,3796,3804,,supply chains,Concept,0.6,'they're all creating these wildly complex supply chains'.
TGS-127-EdConway,tgs:Interview.TGS_127_EdConway,TGS127_chunk_59,topic_anchored,3850,3897,Comparative Advantage,Ed Conway,Person,0.98,Speaker label for the guest; matches episode metadata.
TGS-127-EdConway,tgs:Interview.TGS_127_EdConway,TGS127_chunk_59,topic_anchored,3850,3897,Comparative Advantage,Fukushima,Location,0.92,"""that's a great anecdote of yours about the, about Fukushima"" — referenced as site of an anecdote, likely the Japanese location/nuclear event."
TGS-127-EdConway,tgs:Interview.TGS_127_EdConway,TGS127_chunk_59,topic_anchored,3850,3897,Comparative Advantage,Richard Baldwin,Person,0.94,"""There's a guy called Richard Baldwin, who's really good"" — economist working on globalization structure."
TGS-127-EdConway,tgs:Interview.TGS_127_EdConway,TGS127_chunk_59,topic_anchored,3850,3897,Comparative Advantage,Switzerland,Location,0.93,"""American, but he works out of, Switzerland"" — where Richard Baldwin is based."
TGS-127-EdConway,tgs:Interview.TGS_127_EdConway,TGS127_chunk_59,topic_anchored,3850,3897,Comparative Advantage,Birmingham,Location,0.9,"""that moment in the factory in Birmingham"" — location of a factory he visited."
TGS-127-EdConway,tgs:Interview.TGS_127_EdConway,TGS127_chunk_59,topic_anchored,3850,3897,Comparative Advantage,globalization,Concept,0.75,"""nodal relationships of, globalization"" — named as the subject economists study."
TGS-127-EdConway,tgs:Interview.TGS_127_EdConway,TGS127_chunk_59,topic_anchored,3850,3897,Comparative Advantage,chlorine,Material,0.85,"""in the place where they make chlorine"" — industrial material produced at the factory."
TGS-127-EdConway,tgs:Interview.TGS_127_EdConway,TGS127_chunk_60,topic_anchored,3897,4031,Richard Baldwin,Nate Hagens,Person,0.98,Host speaker label in transcript
TGS-127-EdConway,tgs:Interview.TGS_127_EdConway,TGS127_chunk_60,topic_anchored,3897,4031,Richard Baldwin,Ed Conway,Person,0.98,Guest speaker label in transcript
TGS-127-EdConway,tgs:Interview.TGS_127_EdConway,TGS127_chunk_60,topic_anchored,3897,4031,Richard Baldwin,Biden administration,Organization,0.92,'the Biden administration is trying to do something about that' — US executive administration
TGS-127-EdConway,tgs:Interview.TGS_127_EdConway,TGS127_chunk_60,topic_anchored,3897,4031,Richard Baldwin,Commerce Department,Organization,0.9,"'the Biden administration ... the commerce department' — US Department of Commerce, rendered lowercase in transcript"
TGS-127-EdConway,tgs:Interview.TGS_127_EdConway,TGS127_chunk_60,topic_anchored,3897,4031,Richard Baldwin,CHIPS Act,Legislation,0.93,"'the chips act was interesting because it was like, okay, let's start to try and understand the supply chain'"
TGS-127-EdConway,tgs:Interview.TGS_127_EdConway,TGS127_chunk_60,topic_anchored,3897,4031,Richard Baldwin,GDP,Concept,0.9,'the 1930s and 40s when GDP was invented' — gross domestic product as an economic measure
TGS-127-EdConway,tgs:Interview.TGS_127_EdConway,TGS127_chunk_60,topic_anchored,3897,4031,Richard Baldwin,Kansas,Location,0.75,"'we're not in Kansas anymore' — idiomatic reference to Kansas, named but not a substantive topical entity"
TGS-127-EdConway,tgs:Interview.TGS_127_EdConway,TGS127_chunk_60,topic_anchored,3897,4031,Richard Baldwin,UK,Location,0.9,'think back to the binoculars in the UK'
TGS-127-EdConway,tgs:Interview.TGS_127_EdConway,TGS127_chunk_60,topic_anchored,3897,4031,Richard Baldwin,Cold War,Event,0.6,"'It may be we're in a cold war, maybe we're already in a hot war' — used generically/lowercase, may not denote the historical Cold War"
TGS-127-EdConway,tgs:Interview.TGS_127_EdConway,TGS127_chunk_60,topic_anchored,3897,4031,Richard Baldwin,Richard Baldwin,Person_NAME_VARIANT_CONFLICT,0.2,"Curator-supplied chunk topic is 'Richard Baldwin', but this name does not appear anywhere in the transcript chunk text; flagged as metadata/text mismatch"
TGS-127-EdConway,tgs:Interview.TGS_127_EdConway,TGS127_chunk_61,topic_anchored,4031,4110,Invention of GDP,Nate Hagens,Person,0.98,"Speaker/host of the episode, labelled in transcript"
TGS-127-EdConway,tgs:Interview.TGS_127_EdConway,TGS127_chunk_61,topic_anchored,4031,4110,Invention of GDP,Ed Conway,Person,0.98,"Guest speaker discussing batteries, semiconductors and supply chains"
TGS-127-EdConway,tgs:Interview.TGS_127_EdConway,TGS127_chunk_61,topic_anchored,4031,4110,Invention of GDP,China,Location,0.97,"'it's just so dominated by China... China is just, is so far ahead' — named repeatedly as battery leader and semiconductor laggard"
TGS-127-EdConway,tgs:Interview.TGS_127_EdConway,TGS127_chunk_61,topic_anchored,4031,4110,Invention of GDP,U. S.,Location,0.95,'the U. S. still is way ahead on semiconductors' — rendered with spaced periods; likely 'US'/'United States'
TGS-127-EdConway,tgs:Interview.TGS_127_EdConway,TGS127_chunk_61,topic_anchored,4031,4110,Invention of GDP,batteries,Material_Technology,0.8,'batteries is kind of the obvious one... batteries are a critical technology'
TGS-127-EdConway,tgs:Interview.TGS_127_EdConway,TGS127_chunk_61,topic_anchored,4031,4110,Invention of GDP,solar panels,Material_Technology,0.8,"'you could say the same thing about solar panels, except that we have alternative energy sources'"
TGS-127-EdConway,tgs:Interview.TGS_127_EdConway,TGS127_chunk_61,topic_anchored,4031,4110,Invention of GDP,semiconductors,Material_Technology,0.85,"'semiconductors, interestingly, the U. S. still is way ahead on semiconductors'"
TGS-127-EdConway,tgs:Interview.TGS_127_EdConway,TGS127_chunk_61,topic_anchored,4031,4110,Invention of GDP,silicon chip industry,Industry,0.75,'China has put invested billions... into trying to create a silicon chip industry'
TGS-127-EdConway,tgs:Interview.TGS_127_EdConway,TGS127_chunk_61,topic_anchored,4031,4110,Invention of GDP,silicon wafers,Material,0.85,'they still are not very good at even making the silicon wafers that then go into the silicon plants'
TGS-127-EdConway,tgs:Interview.TGS_127_EdConway,TGS127_chunk_61,topic_anchored,4031,4110,Invention of GDP,binoculars of the 2030s,Concept_LIKELY_ASR_ERROR,0.3,'what a couple of the binoculars of the 2030s might be' — 'binoculars' makes little sense here; plausibly a mis-transcription of 'bottlenecks' (fits the supply-chain/chokepoint discussion). Flagged rather than corrected.
TGS-127-EdConway,tgs:Interview.TGS_127_EdConway,TGS127_chunk_61,topic_anchored,4031,4110,Invention of GDP,2030s,TimePeriod,0.85,'the binoculars of the 2030s' — decade referenced as forward-looking horizon
TGS-127-EdConway,tgs:Interview.TGS_127_EdConway,TGS127_chunk_61,topic_anchored,4031,4110,Invention of GDP,IP,Concept,0.6,"'we are just terrified about China stealing the IP here' — intellectual property, abbreviated in transcript"
TGS-127-EdConway,tgs:Interview.TGS_127_EdConway,TGS127_chunk_61,topic_anchored,4031,4110,Invention of GDP,Material World: The Key Resources Underpinning Modern Economies,Work_Publication,0.6,"Not named verbatim in chunk; speaker refers to 'the research that you've done for your book', matching the episode-title book by Ed Conway"
TGS-127-EdConway,tgs:Interview.TGS_127_EdConway,TGS127_chunk_62,topic_anchored,4110,4177,Semiconductor industry war,Nate Hagens,Person,0.98,Host speaker label in transcript
TGS-127-EdConway,tgs:Interview.TGS_127_EdConway,TGS127_chunk_62,topic_anchored,4110,4177,Semiconductor industry war,Ed Conway,Person,0.98,Guest speaker label in transcript
TGS-127-EdConway,tgs:Interview.TGS_127_EdConway,TGS127_chunk_62,topic_anchored,4110,4177,Semiconductor industry war,UK,Location,0.96,'that factory in the UK with the pen nibs'; 'there was this story in the UK'
TGS-127-EdConway,tgs:Interview.TGS_127_EdConway,TGS127_chunk_62,topic_anchored,4110,4177,Semiconductor industry war,Haber Bosch process,Concept,0.93,"'For the first time since the Haber Bosch process, we don't make it here' — industrial ammonia synthesis process; commonly rendered 'Haber-Bosch'"
TGS-127-EdConway,tgs:Interview.TGS_127_EdConway,TGS127_chunk_62,topic_anchored,4110,4177,Semiconductor industry war,US,Location,0.92,'we import it all from the US and from North Africa'
TGS-127-EdConway,tgs:Interview.TGS_127_EdConway,TGS127_chunk_62,topic_anchored,4110,4177,Semiconductor industry war,North Africa,Location,0.9,'we import it all from the US and from North Africa'
TGS-127-EdConway,tgs:Interview.TGS_127_EdConway,TGS127_chunk_62,topic_anchored,4110,4177,Semiconductor industry war,Department for Business,Organization,0.85,"'the Department for Business was getting all these calls' — UK government department, possibly informal shortening of full official name"
TGS-127-EdConway,tgs:Interview.TGS_127_EdConway,TGS127_chunk_62,topic_anchored,4110,4177,Semiconductor industry war,Agricultural Department,Organization,0.7,'I think the Agricultural Department was getting all these calls' — speaker is uncertain; likely an informal reference to the UK agriculture ministry rather than an exact official name
TGS-127-EdConway,tgs:Interview.TGS_127_EdConway,TGS127_chunk_62,topic_anchored,4110,4177,Semiconductor industry war,ammonia,Material,0.94,'not making ammonia fertilizer domestically'; 'making ammonia as a side product'
TGS-127-EdConway,tgs:Interview.TGS_127_EdConway,TGS127_chunk_62,topic_anchored,4110,4177,Semiconductor industry war,carbon dioxide,Material,0.93,"'used to produce the majority of the country's carbon dioxide in canisters, CO2 in canisters'"
TGS-127-EdConway,tgs:Interview.TGS_127_EdConway,TGS127_chunk_62,topic_anchored,4110,4177,Semiconductor industry war,CO2,Material_NAME_VARIANT_CONFLICT,0.9,'CO2 in canisters'; same substance also named as 'carbon dioxide' in the same passage — variant of the same entity
TGS-127-EdConway,tgs:Interview.TGS_127_EdConway,TGS127_chunk_62,topic_anchored,4110,4177,Semiconductor industry war,pen nibs,Material,0.6,"'that factory in the UK with the pen nibs' — referenced product example, not a named entity per se"
TGS-127-EdConway,tgs:Interview.TGS_127_EdConway,TGS127_chunk_64,topic_anchored,4207,4314,Fertilizer plant shut down causes crisis for CO2 canister for pig farms in the UK,Downing Street,Location,0.95,"""talking to people within like Downing Street. So where the government is here"" — used metonymically for the UK government seat."
TGS-127-EdConway,tgs:Interview.TGS_127_EdConway,TGS127_chunk_64,topic_anchored,4207,4314,Fertilizer plant shut down causes crisis for CO2 canister for pig farms in the UK,UK,Location,0.94,"""they've gone out to the various chemicals producers in the UK"""
TGS-127-EdConway,tgs:Interview.TGS_127_EdConway,TGS127_chunk_64,topic_anchored,4207,4314,Fertilizer plant shut down causes crisis for CO2 canister for pig farms in the UK,chemicals industry,Industry,0.6,"""We didn't even have a map of the chemicals industry"" — generic industry reference, not a proper name."
TGS-127-EdConway,tgs:Interview.TGS_127_EdConway,TGS127_chunk_65_filler,filler,4314,4373,,Vasily Leontiev,Person_NAME_VARIANT_CONFLICT,0.85,"'there's this guy Vasily Leontiev, who... actually won the Nobel Prize for it' — the economist is conventionally rendered 'Wassily Leontief'; transcript spelling may be an ASR/transcription variant."
TGS-127-EdConway,tgs:Interview.TGS_127_EdConway,TGS127_chunk_65_filler,filler,4314,4373,,input output tables,Concept,0.9,'there's this economic idea called input output tables' — economic accounting method attributed to Leontiev
TGS-127-EdConway,tgs:Interview.TGS_127_EdConway,TGS127_chunk_65_filler,filler,4314,4373,,Nobel Prize,Award,0.9,"'he actually won the Nobel Prize for it, back in... middle of the 20th century'"
TGS-127-EdConway,tgs:Interview.TGS_127_EdConway,TGS127_chunk_65_filler,filler,4314,4373,,Soviet,Location_Polity,0.6,"'what the Soviet, you know, computers couldn't do' — referenced in discussion of central planning"
TGS-127-EdConway,tgs:Interview.TGS_127_EdConway,TGS127_chunk_65_filler,filler,4314,4373,,Central planning,Concept,0.8,"'Central planning was not a great success, was it?'"
TGS-127-EdConway,tgs:Interview.TGS_127_EdConway,TGS127_chunk_65_filler,filler,4314,4373,,UK,Location,0.9,"'the input output tables that exist, for UK, it's like one bloody spreadsheet'"
TGS-127-EdConway,tgs:Interview.TGS_127_EdConway,TGS127_chunk_65_filler,filler,4314,4373,,GDP,Concept,0.85,"'a better, richer picture of how GDP actually operates in practice'"
TGS-127-EdConway,tgs:Interview.TGS_127_EdConway,TGS127_chunk_65_filler,filler,4314,4373,,energy transition,Concept,0.85,'there's an imperative from the energy transition'
TGS-127-EdConway,tgs:Interview.TGS_127_EdConway,TGS127_chunk_65_filler,filler,4314,4373,,industrial revolution,Event,0.8,'you need to redo the industrial revolution all over again'
TGS-127-EdConway,tgs:Interview.TGS_127_EdConway,TGS127_chunk_65_filler,filler,4314,4373,,fiber optics,Material,0.75,'the output from let's say fiber optics go into the social network sector'
TGS-127-EdConway,tgs:Interview.TGS_127_EdConway,TGS127_chunk_65_filler,filler,4314,4373,,cement,Material,0.8,'You need to rethink how you're kind of making cement'
TGS-127-EdConway,tgs:Interview.TGS_127_EdConway,TGS127_chunk_65_filler,filler,4314,4373,,Ed Conway,Person,0.95,Speaker label for the chunk; guest named in episode metadata
TGS-127-EdConway,tgs:Interview.TGS_127_EdConway,TGS127_chunk_67_filler,filler,4483,4545,,Nate Hagens,Person,0.98,Host asking about recommendations to universities or governments
TGS-127-EdConway,tgs:Interview.TGS_127_EdConway,TGS127_chunk_67_filler,filler,4483,4545,,Ed Conway,Person,0.98,Guest discussing input output tables and mining education
TGS-127-EdConway,tgs:Interview.TGS_127_EdConway,TGS127_chunk_67_filler,filler,4483,4545,,input output tables,Concept,0.85,"'we need to rediscover things like input output tables, which are an alternative way of making GDP'"
TGS-127-EdConway,tgs:Interview.TGS_127_EdConway,TGS127_chunk_67_filler,filler,4483,4545,,GDP,Concept,0.9,'an alternative way of making GDP'
TGS-127-EdConway,tgs:Interview.TGS_127_EdConway,TGS127_chunk_67_filler,filler,4483,4545,,India,Location,0.95,"'you find them mainly in countries like India, where they are just more kind of focused on where things come from'"
TGS-127-EdConway,tgs:Interview.TGS_127_EdConway,TGS127_chunk_67_filler,filler,4483,4545,,Camborne School of Mining,Organization,0.8,'the Camborne School of Mining is one of the top mining schools in the UK' — commonly spelled 'Camborne School of Mines'; possible ASR/transcription variant of the institution name
TGS-127-EdConway,tgs:Interview.TGS_127_EdConway,TGS127_chunk_67_filler,filler,4483,4545,,UK,Location,0.95,'one of the top mining schools in the UK'
TGS-127-EdConway,tgs:Interview.TGS_127_EdConway,TGS127_chunk_67_filler,filler,4483,4545,,mining engineering,AcademicField,0.85,'their masters in mining engineering... they've shut down the course'
TGS-127-EdConway,tgs:Interview.TGS_127_EdConway,TGS127_chunk_67_filler,filler,4483,4545,,environmental science,AcademicField,0.85,'everyone wants to go into subjects like environmental science'
TGS-127-EdConway,tgs:Interview.TGS_127_EdConway,TGS127_chunk_67_filler,filler,4483,4545,,net zero,Concept,0.85,"'fulfill all of these targets we've set ourselves and, you know, get to net zero'"
TGS-127-EdConway,tgs:Interview.TGS_127_EdConway,TGS127_chunk_67_filler,filler,4483,4545,,the SKU,Concept_LIKELY_ASR_ERROR,0.25,'I do worry that the SKU has gone far too much into naval gazing' — likely mistranscription (possibly 'the skew'); not a real named entity
TGS-127-EdConway,tgs:Interview.TGS_127_EdConway,TGS127_chunk_67_filler,filler,4483,4545,,naval gazing,Concept_LIKELY_ASR_ERROR,0.3,'gone far too much into naval gazing' — almost certainly 'navel gazing'; transcription error
TGS-127-EdConway,tgs:Interview.TGS_127_EdConway,TGS127_chunk_68,topic_anchored,4545,4657,"Camborne Mining School, shut down their mining course",Nate Hagens,Person,0.98,Speaker label; host of the episode.
TGS-127-EdConway,tgs:Interview.TGS_127_EdConway,TGS127_chunk_68,topic_anchored,4545,4657,"Camborne Mining School, shut down their mining course",Ed Conway,Person,0.98,Speaker label; guest of the episode.
TGS-127-EdConway,tgs:Interview.TGS_127_EdConway,TGS127_chunk_68,topic_anchored,4545,4657,"Camborne Mining School, shut down their mining course",energy transition,Concept,0.7,'the energy transition itself is much more than about energy' — named concept discussed.
TGS-127-EdConway,tgs:Interview.TGS_127_EdConway,TGS127_chunk_68,topic_anchored,4545,4657,"Camborne Mining School, shut down their mining course",journalism,Concept,0.5,'what do you see the role of journalism and media in accelerating... that conversation'
TGS-127-EdConway,tgs:Interview.TGS_127_EdConway,TGS127_chunk_68,topic_anchored,4545,4657,"Camborne Mining School, shut down their mining course",social glass ceiling,Concept,0.55,'have you come across some sort of a social glass ceiling with the intensity and complexity of these topics' — metaphorical concept named by host.
TGS-127-EdConway,tgs:Interview.TGS_127_EdConway,TGS127_chunk_69_filler,filler,4657,4850,,Ed Conway,Person,0.99,Speaker label; guest of the episode discussing materials and steel
TGS-127-EdConway,tgs:Interview.TGS_127_EdConway,TGS127_chunk_69_filler,filler,4657,4850,,Nate Hagens,Person,0.99,Speaker label; host of the podcast
TGS-127-EdConway,tgs:Interview.TGS_127_EdConway,TGS127_chunk_69_filler,filler,4657,4850,,Olivia Lazard,Person,0.95,"'my colleague and friend, Olivia Lazard, points out that on our way to decarbonization, there will be a rematerialization'"
TGS-127-EdConway,tgs:Interview.TGS_127_EdConway,TGS127_chunk_69_filler,filler,4657,4850,,net zero,Concept,0.9,"'when we as journalists kind of talk about, It's something like net zero' and 'any of these models for, net zero'"
TGS-127-EdConway,tgs:Interview.TGS_127_EdConway,TGS127_chunk_69_filler,filler,4657,4850,,catastrophism,Concept,0.7,"'it's kind of about catastrophism rather than about pragmatically, what do we do?'"
TGS-127-EdConway,tgs:Interview.TGS_127_EdConway,TGS127_chunk_69_filler,filler,4657,4850,,decarbonization,Concept,0.85,"'on our way to decarbonization, there will be a rematerialization'"
TGS-127-EdConway,tgs:Interview.TGS_127_EdConway,TGS127_chunk_69_filler,filler,4657,4850,,rematerialization,Concept,0.85,"'there will be a rematerialization, which brings us right to your Ballywick here'"
TGS-127-EdConway,tgs:Interview.TGS_127_EdConway,TGS127_chunk_69_filler,filler,4657,4850,,Ballywick,Concept_LIKELY_ASR_ERROR,0.4,'brings us right to your Ballywick here' — almost certainly the word 'bailiwick' mis-transcribed as a proper-noun-like form; not a real entity
TGS-127-EdConway,tgs:Interview.TGS_127_EdConway,TGS127_chunk_69_filler,filler,4657,4850,,GDP per capita,Concept,0.85,'economists like to talk about GDP per capita when they're talking about our living standards'
TGS-127-EdConway,tgs:Interview.TGS_127_EdConway,TGS127_chunk_69_filler,filler,4657,4850,,steel,Material,0.95,'the amount of steel embedded in a nation. per capita'; central material discussed
TGS-127-EdConway,tgs:Interview.TGS_127_EdConway,TGS127_chunk_69_filler,filler,4657,4850,,copper,Material,0.9,'We're okay at recycling copper'
TGS-127-EdConway,tgs:Interview.TGS_127_EdConway,TGS127_chunk_69_filler,filler,4657,4850,,aluminium,Material,0.9,'We're pretty good at recycling aluminium'
TGS-127-EdConway,tgs:Interview.TGS_127_EdConway,TGS127_chunk_69_filler,filler,4657,4850,,pig iron,Material,0.85,'the main product of a blast furnace is? It's not pig iron'
TGS-127-EdConway,tgs:Interview.TGS_127_EdConway,TGS127_chunk_69_filler,filler,4657,4850,,carbon dioxide,Material,0.85,'The main product of a blast furnace is carbon dioxide'
TGS-127-EdConway,tgs:Interview.TGS_127_EdConway,TGS127_chunk_69_filler,filler,4657,4850,,oil,Material,0.8,"'oil can't be recycled, but the other ones could be in theory'"
TGS-127-EdConway,tgs:Interview.TGS_127_EdConway,TGS127_chunk_69_filler,filler,4657,4850,,blast furnace,Technology,0.8,'I went to a few blast furnaces in the course of writing this book'
TGS-127-EdConway,tgs:Interview.TGS_127_EdConway,TGS127_chunk_69_filler,filler,4657,4850,,recycling,Concept,0.8,'what are your thoughts on the current state of recycling and what might be possible?'
TGS-127-EdConway,tgs:Interview.TGS_127_EdConway,TGS127_chunk_69_filler,filler,4657,4850,,sub saharan Africa,Location,0.85,"'In some countries in the world, like sub saharan Africa, it's less than one tonne of steel per capita' — rendered lowercase in transcript"
TGS-127-EdConway,tgs:Interview.TGS_127_EdConway,TGS127_chunk_69_filler,filler,4657,4850,,Material World: The Key Resources Underpinning Modern Economies,Work_Publication,0.75,Referred to in chunk only as 'this book that I've written' / 'this book'; title supplied by episode metadata
TGS-127-EdConway,tgs:Interview.TGS_127_EdConway,TGS127_chunk_72_filler,filler,5042,5051,,lagom,Concept,0.9,"""There's a Swedish word, lagom, which means enough or the good life"" — Swedish term for sufficiency"
TGS-127-EdConway,tgs:Interview.TGS_127_EdConway,TGS127_chunk_72_filler,filler,5042,5051,,Swedish,Language,0.75,"""There's a Swedish word, lagom"" — language/nationality reference"
TGS-127-EdConway,tgs:Interview.TGS_127_EdConway,TGS127_chunk_72_filler,filler,5042,5051,,Twitter,Organization,0.85,"""an unbelievably detailed and information dense Twitter thread"" — social media platform"
TGS-127-EdConway,tgs:Interview.TGS_127_EdConway,TGS127_chunk_72_filler,filler,5042,5051,,Jevin's paradox,Concept_LIKELY_ASR_ERROR,0.5,"""On Jevin's paradox and how technology making things better"" — almost certainly 'Jevons paradox', which is rendered correctly later in the same chunk; flagged as ASR error and name variant conflict"
TGS-127-EdConway,tgs:Interview.TGS_127_EdConway,TGS127_chunk_72_filler,filler,5042,5051,,Jevons paradox,Concept,0.95,"""what are your thoughts on Jevons paradox?"" — correct rendering, conflicts with earlier 'Jevin's paradox' in same chunk"
TGS-127-EdConway,tgs:Interview.TGS_127_EdConway,TGS127_chunk_72_filler,filler,5042,5051,,LED lighting,Technology,0.85,"""an example on led lighting and how it got cheaper"" — used as illustration of Jevons paradox"
TGS-127-EdConway,tgs:Interview.TGS_127_EdConway,TGS127_chunk_74,topic_anchored,5068,5110,"Conway’s Jevons Paradox Thread, Jevons Paradox",William Stanley Jevons,Person,0.98,"""it goes back to this guy, William Stanley Jevons, who was an economist, in the 19th century"""
TGS-127-EdConway,tgs:Interview.TGS_127_EdConway,TGS127_chunk_74,topic_anchored,5068,5110,"Conway’s Jevons Paradox Thread, Jevons Paradox",Jevons Paradox,Concept,0.97,"""the Jevons paradox is just to say, sometimes when you have an efficiency gain..."" — matches curator-supplied chunk topic"
TGS-127-EdConway,tgs:Interview.TGS_127_EdConway,TGS127_chunk_74,topic_anchored,5068,5110,"Conway’s Jevons Paradox Thread, Jevons Paradox",Newcomen engine,Technology,0.92,"""you went from the kind of Newcomen engine all the way through to the Watt engines"" — named after Thomas Newcomen"
TGS-127-EdConway,tgs:Interview.TGS_127_EdConway,TGS127_chunk_74,topic_anchored,5068,5110,"Conway’s Jevons Paradox Thread, Jevons Paradox",Watt engines,Technology,0.92,"""all the way through to the Watt engines, and they were producing ever more movement and energy"""
TGS-127-EdConway,tgs:Interview.TGS_127_EdConway,TGS127_chunk_74,topic_anchored,5068,5110,"Conway’s Jevons Paradox Thread, Jevons Paradox",Malthusian,SchoolOfThought,0.85,"""it's kind of a Malthusian really, if that continues, then we're just gonna run out of coal"""
TGS-127-EdConway,tgs:Interview.TGS_127_EdConway,TGS127_chunk_74,topic_anchored,5068,5110,"Conway’s Jevons Paradox Thread, Jevons Paradox",rebound effect,Concept,0.93,"""You might save some energy, but then you'll expend a little bit more along the way, so that's called the rebound effect"""
TGS-127-EdConway,tgs:Interview.TGS_127_EdConway,TGS127_chunk_74,topic_anchored,5068,5110,"Conway’s Jevons Paradox Thread, Jevons Paradox",coal,Material,0.9,"""from ever smaller amounts of coal"" / ""burn more coal"""
TGS-127-EdConway,tgs:Interview.TGS_127_EdConway,TGS127_chunk_74,topic_anchored,5068,5110,"Conway’s Jevons Paradox Thread, Jevons Paradox",LED light bulbs,Technology,0.9,"""The example I chose was just LED light bulbs because it's very visual"""
TGS-127-EdConway,tgs:Interview.TGS_127_EdConway,TGS127_chunk_74,topic_anchored,5068,5110,"Conway’s Jevons Paradox Thread, Jevons Paradox",London,Location,0.94,"""every park in my part of London has a Christmas display with all these lights everywhere"""
TGS-127-EdConway,tgs:Interview.TGS_127_EdConway,TGS127_chunk_74,topic_anchored,5068,5110,"Conway’s Jevons Paradox Thread, Jevons Paradox",net zero,Concept,0.88,"""the challenge with net zero is... we're not actually banking all those efficiency gains"""
TGS-127-EdConway,tgs:Interview.TGS_127_EdConway,TGS127_chunk_74,topic_anchored,5068,5110,"Conway’s Jevons Paradox Thread, Jevons Paradox",AI,Concept,0.85,"""Look at AI. AI is a really good example. You know, look at all those server farms"""
TGS-127-EdConway,tgs:Interview.TGS_127_EdConway,TGS127_chunk_74,topic_anchored,5068,5110,"Conway’s Jevons Paradox Thread, Jevons Paradox",U S,Location_NAME_VARIANT_CONFLICT,0.8,"""The amount of energy consumption in the U S is going to go up a lot"" — transcript renders United States as spaced-out ""U S""; likely intended ""U.S."""
TGS-127-EdConway,tgs:Interview.TGS_127_EdConway,TGS127_chunk_74,topic_anchored,5068,5110,"Conway’s Jevons Paradox Thread, Jevons Paradox",Christmas display,Event,0.4,"""every park in my part of London has a Christmas display"" — generic seasonal reference rather than a distinct named event"
TGS-127-EdConway,tgs:Interview.TGS_127_EdConway,TGS127_chunk_74,topic_anchored,5068,5110,"Conway’s Jevons Paradox Thread, Jevons Paradox",Swedish word,Concept_LIKELY_ASR_ERROR,0.25,"""just subsisting on, like you say, that's Swedish word"" — an actual Swedish term (likely 'lagom') appears to have been dropped or garbled in transcription; the entity itself is unrecoverable from this text"
TGS-127-EdConway,tgs:Interview.TGS_127_EdConway,TGS127_chunk_76,topic_anchored,5290,5479,AI and increase in energy consumption,Jevons Paradox,Concept,0.97,'Do we then have another Jevons Paradox with those solutions?' — named economic concept about efficiency leading to more consumption.
TGS-127-EdConway,tgs:Interview.TGS_127_EdConway,TGS127_chunk_76,topic_anchored,5290,5479,AI and increase in energy consumption,LED,Technology,0.8,'like LED example on steroids' — cited as an example of efficiency gains driving more consumption.
TGS-127-EdConway,tgs:Interview.TGS_127_EdConway,TGS127_chunk_76,topic_anchored,5290,5479,AI and increase in energy consumption,Nate,Person,0.95,"'the funny thing actually, Nate' — Ed Conway addressing the host Nate Hagens."
TGS-127-EdConway,tgs:Interview.TGS_127_EdConway,TGS127_chunk_76,topic_anchored,5290,5479,AI and increase in energy consumption,London,Location,0.95,'the concrete in London comes from this drowned land that was submerged for thousands of years'.
TGS-127-EdConway,tgs:Interview.TGS_127_EdConway,TGS127_chunk_76,topic_anchored,5290,5479,AI and increase in energy consumption,concrete,Material,0.9,'if you understand that concrete is an amazing thing and it's part of our environment'.
TGS-127-EdConway,tgs:Interview.TGS_127_EdConway,TGS127_chunk_76,topic_anchored,5290,5479,AI and increase in energy consumption,steel,Material,0.9,'the steel that we're kind of surrounded by has gone through this crazy process in a blast furnace'.
TGS-127-EdConway,tgs:Interview.TGS_127_EdConway,TGS127_chunk_76,topic_anchored,5290,5479,AI and increase in energy consumption,iron,Material,0.85,'creates more carbon than it does iron' — referring to blast furnace output.
TGS-127-EdConway,tgs:Interview.TGS_127_EdConway,TGS127_chunk_76,topic_anchored,5290,5479,AI and increase in energy consumption,blast furnace,Technology,0.8,'has gone through this crazy process in a blast furnace' — industrial process/apparatus for steelmaking.
TGS-127-EdConway,tgs:Interview.TGS_127_EdConway,TGS127_chunk_76,topic_anchored,5290,5479,AI and increase in energy consumption,this book,Work_Publication,0.5,"'since writing this book and understanding more about how things actually are made' — unnamed in the chunk; presumably 'Material World' per episode metadata, but the title is not stated here."
TGS-127-EdConway,tgs:Interview.TGS_127_EdConway,TGS127_chunk_77_filler,filler,5479,5932,,Nate Hagens,Person,0.99,Host speaking throughout the chunk; matches episode metadata.
TGS-127-EdConway,tgs:Interview.TGS_127_EdConway,TGS127_chunk_77_filler,filler,5479,5932,,Ed Conway,Person,0.99,"Guest; 'what do you care most about in the world, Ed?' Matches episode metadata."
TGS-127-EdConway,tgs:Interview.TGS_127_EdConway,TGS127_chunk_77_filler,filler,5479,5932,,Gaia,Concept,0.7,"'So God, Godspeed, Gaia speed to you' — invoked as a wordplay on Godspeed; Gaia as earth/deity concept."
TGS-127-EdConway,tgs:Interview.TGS_127_EdConway,TGS127_chunk_77_filler,filler,5479,5932,,net zero,Policy_Concept,0.85,'We signed net zero into law in 2019' — UK climate policy commitment.
TGS-127-EdConway,tgs:Interview.TGS_127_EdConway,TGS127_chunk_77_filler,filler,5479,5932,,2019,Date,0.8,'We signed net zero into law in 2019'
TGS-127-EdConway,tgs:Interview.TGS_127_EdConway,TGS127_chunk_77_filler,filler,5479,5932,,lithium ion batteries,Technology,0.95,'The story of how we managed to invent lithium ion batteries is an amazing story.'
TGS-127-EdConway,tgs:Interview.TGS_127_EdConway,TGS127_chunk_77_filler,filler,5479,5932,,extreme ultraviolet lithography machines,Technology,0.95,"'the lithography machines, extreme ultraviolet lithography machines' — cited as technology many thought impossible."
TGS-127-EdConway,tgs:Interview.TGS_127_EdConway,TGS127_chunk_77_filler,filler,5479,5932,,concrete,Material,0.9,'a lot of people thought we'd never rediscover the recipe for concrete'
TGS-127-EdConway,tgs:Interview.TGS_127_EdConway,TGS127_chunk_77_filler,filler,5479,5932,,solid state semiconductors,Technology,0.9,'A lot of people thought solid state semiconductors would never happen.'
TGS-127-EdConway,tgs:Interview.TGS_127_EdConway,TGS127_chunk_77_filler,filler,5479,5932,,silicon chip,Technology,0.9,'suddenly when we've invented the silicon chip'
TGS-127-EdConway,tgs:Interview.TGS_127_EdConway,TGS127_chunk_77_filler,filler,5479,5932,,transistors,Technology,0.85,"'being able to make those transistors that go onto, that are smaller than the wavelength of visible light'"
TGS-127-EdConway,tgs:Interview.TGS_127_EdConway,TGS127_chunk_77_filler,filler,5479,5932,,hydrogen,Material,0.85,"'whether, if hydrogen ever becomes like an economic reality'"
TGS-127-EdConway,tgs:Interview.TGS_127_EdConway,TGS127_chunk_77_filler,filler,5479,5932,,oil,Material,0.9,'a lot of people have just lazily accepted that oil is bad'
TGS-127-EdConway,tgs:Interview.TGS_127_EdConway,TGS127_chunk_77_filler,filler,5479,5932,,anodes,Material,0.75,"'where do you get the anodes from? You know, from oil.'"
TGS-127-EdConway,tgs:Interview.TGS_127_EdConway,TGS127_chunk_77_filler,filler,5479,5932,,the red pill,Concept,0.6,'you also have taken the red pill a little bit with this research into this book' — metaphor for awakening to hard truths.
TGS-127-EdConway,tgs:Interview.TGS_127_EdConway,TGS127_chunk_77_filler,filler,5479,5932,,energy transition,Concept,0.8,"'Partly, it's about the energy transition.'"
TGS-127-EdConway,tgs:Interview.TGS_127_EdConway,TGS127_chunk_77_filler,filler,5479,5932,,resources per capita,Concept,0.65,'because Resources per capita... isn't necessarily tied definitely to... standard of living'
TGS-127-EdConway,tgs:Interview.TGS_127_EdConway,TGS127_chunk_77_filler,filler,5479,5932,,the book,Work_Publication,0.6,"'when trying to kind of explain what's this book about' — unnamed here, but refers to Conway's book (titled 'Material World' per episode metadata); flagged as ambiguous reference rather than a stated title."
TGS-127-EdConway,tgs:Interview.TGS_127_EdConway,TGS127_chunk_78,topic_anchored,5932,6015,Resource per capita vs standard of living,Nate Hagens,Person,0.98,Host speaking in transcript; matches episode metadata
TGS-127-EdConway,tgs:Interview.TGS_127_EdConway,TGS127_chunk_78,topic_anchored,5932,6015,Resource per capita vs standard of living,Ed Conway,Person,0.98,Guest speaking; matches episode metadata
TGS-127-EdConway,tgs:Interview.TGS_127_EdConway,TGS127_chunk_78,topic_anchored,5932,6015,Resource per capita vs standard of living,The Summit,Work_Publication,0.95,'I wrote a book called The Summit a few years ago' — book about the Bretton Woods Conference
TGS-127-EdConway,tgs:Interview.TGS_127_EdConway,TGS127_chunk_78,topic_anchored,5932,6015,Resource per capita vs standard of living,Bretton Woods Conference of 1944,Event,0.95,'about the Bretton Woods Conference of 1944' where economists gathered at a hotel in New Hampshire
TGS-127-EdConway,tgs:Interview.TGS_127_EdConway,TGS127_chunk_78,topic_anchored,5932,6015,Resource per capita vs standard of living,Bretton Woods system,Concept,0.92,"'the system that they created, the Bretton Woods system was one of the most stable periods for the global economy'"
TGS-127-EdConway,tgs:Interview.TGS_127_EdConway,TGS127_chunk_78,topic_anchored,5932,6015,Resource per capita vs standard of living,New Hampshire,Location,0.9,'this hotel in New Hampshire at the towards the end of the second world war'
TGS-127-EdConway,tgs:Interview.TGS_127_EdConway,TGS127_chunk_78,topic_anchored,5932,6015,Resource per capita vs standard of living,Second World War,Event,0.9,'towards the end of the second world war'
TGS-127-EdConway,tgs:Interview.TGS_127_EdConway,TGS127_chunk_78,topic_anchored,5932,6015,Resource per capita vs standard of living,third world war,Event,0.6,"'institutions that would prevent a third world war' — hypothetical event, named only generically"
TGS-127-EdConway,tgs:Interview.TGS_127_EdConway,TGS127_chunk_78,topic_anchored,5932,6015,Resource per capita vs standard of living,lithium,Material,0.9,'there's no shortage of lithium or sand'
TGS-127-EdConway,tgs:Interview.TGS_127_EdConway,TGS127_chunk_78,topic_anchored,5932,6015,Resource per capita vs standard of living,sand,Material,0.9,'there's no shortage of lithium or sand'
TGS-127-EdConway,tgs:Interview.TGS_127_EdConway,TGS127_chunk_78,topic_anchored,5932,6015,Resource per capita vs standard of living,multilateralism,Concept,0.55,"'I just kind of wish that politics could become slightly more multilateral and collaborative' — concept implied by adjective, not named as a noun"
TGS-127-EdConway,tgs:Interview.TGS_127_EdConway,TGS127_chunk_79,topic_anchored,6015,6108,"The Summit, Bretton Woods Conference",Bretton Woods,Event,0.95,'we have a new Bretton Woods or the like?' — referring to the Bretton Woods Conference / monetary system; also used as a book title in the same chunk
TGS-127-EdConway,tgs:Interview.TGS_127_EdConway,TGS127_chunk_79,topic_anchored,6015,6108,"The Summit, Bretton Woods Conference",Material World,Work_Publication,0.9,"'there's a sequel to both of those books. So the material world and Bretton Woods' — Ed Conway's book, matches episode title"
TGS-127-EdConway,tgs:Interview.TGS_127_EdConway,TGS127_chunk_79,topic_anchored,6015,6108,"The Summit, Bretton Woods Conference",Bretton Woods,Work_Publication_NAME_VARIANT_CONFLICT,0.6,"'a sequel to both of those books. So the material world and Bretton Woods' — here 'Bretton Woods' appears to name a book, whereas earlier in the same chunk it names the conference/system; ambiguous referent"
TGS-127-EdConway,tgs:Interview.TGS_127_EdConway,TGS127_chunk_79,topic_anchored,6015,6108,"The Summit, Bretton Woods Conference",China,Location,0.95,'China is massively dominant in already... China has a large and growing current account surplus'
TGS-127-EdConway,tgs:Interview.TGS_127_EdConway,TGS127_chunk_79,topic_anchored,6015,6108,"The Summit, Bretton Woods Conference",US,Location,0.95,'the US is going to respond in turn'
TGS-127-EdConway,tgs:Interview.TGS_127_EdConway,TGS127_chunk_79,topic_anchored,6015,6108,"The Summit, Bretton Woods Conference",Second World War,Event,0.95,'the breakdown of global trade that in turn led to the Second World War'
TGS-127-EdConway,tgs:Interview.TGS_127_EdConway,TGS127_chunk_79,topic_anchored,6015,6108,"The Summit, Bretton Woods Conference",1930s,TimePeriod,0.8,'the kind of imbalances that led to the 1930s and the breakdown of global trade'
TGS-127-EdConway,tgs:Interview.TGS_127_EdConway,TGS127_chunk_79,topic_anchored,6015,6108,"The Summit, Bretton Woods Conference",cathode active materials,Material,0.75,"'they are so far ahead on batteries, on cathode active materials'"
TGS-127-EdConway,tgs:Interview.TGS_127_EdConway,TGS127_chunk_79,topic_anchored,6015,6108,"The Summit, Bretton Woods Conference",Nate Hagens,Person,0.95,speaker label; host of the episode
TGS-127-EdConway,tgs:Interview.TGS_127_EdConway,TGS127_chunk_79,topic_anchored,6015,6108,"The Summit, Bretton Woods Conference",Ed Conway,Person,0.95,speaker label; guest and author of Material World
TGS-127-EdConway,tgs:Interview.TGS_127_EdConway,TGS127_chunk_81,topic_anchored,6136,6248,Global imbalances of debt and surplus,Nate Hagens,Person,0.98,"Host speaking; also addressed by guest as 'Nate' — 'I've learned a lot from you and from your material, Nate'"
TGS-127-EdConway,tgs:Interview.TGS_127_EdConway,TGS127_chunk_81,topic_anchored,6136,6248,Global imbalances of debt and surplus,Ed Conway,Person,0.98,"Guest speaker, journalist; 'I'm kind of a tourist in this... world'"
TGS-127-EdConway,tgs:Interview.TGS_127_EdConway,TGS127_chunk_82_filler,filler,6248,6282,,Ed,Person,0.9,"'Hear, thanks so much, Ed. To be continued.' — short form of guest Ed Conway per episode metadata (possible NAME_VARIANT of full name, but a normal conversational shortening)"
TGS-127-EdConway,tgs:Interview.TGS_127_EdConway,TGS127_chunk_82_filler,filler,6248,6282,,Nate Hagens,Person,0.97,Speaker label 'Nate Hagens [1:44:08]' — host of the episode
RR-24-The-Fantasy-of-Space-Colonization,tgs:PanelDiscussion.TGS_24_TomMurphy,RR24_chunk_01,topic_anchored,0,200,Tom Murphy; DJ White,Nate Hagens,Person,0.98,Host speaker label; 'Today I am rejoined by two friends of mine'
RR-24-The-Fantasy-of-Space-Colonization,tgs:PanelDiscussion.TGS_24_TomMurphy,RR24_chunk_01,topic_anchored,0,200,Tom Murphy; DJ White,Tom Murphy,Person,0.99,'Tom Murphy is a professor emeritus of the Department of Physics...' — matches episode metadata guest
RR-24-The-Fantasy-of-Space-Colonization,tgs:PanelDiscussion.TGS_24_TomMurphy,RR24_chunk_01,topic_anchored,0,200,Tom Murphy; DJ White,DJ White,Person,0.99,'DJ White is a co-founder of Greenpeace International and founder of Earth Trust'
RR-24-The-Fantasy-of-Space-Colonization,tgs:PanelDiscussion.TGS_24_TomMurphy,RR24_chunk_01,topic_anchored,0,200,Tom Murphy; DJ White,University of California San Diego,Organization,0.96,'Department of Astronomy and Astrophysics at the University of California San Diego'
RR-24-The-Fantasy-of-Space-Colonization,tgs:PanelDiscussion.TGS_24_TomMurphy,RR24_chunk_01,topic_anchored,0,200,Tom Murphy; DJ White,Department of Physics,Organization,0.85,'professor emeritus of the Department of Physics' at UCSD; sub-unit of the university
RR-24-The-Fantasy-of-Space-Colonization,tgs:PanelDiscussion.TGS_24_TomMurphy,RR24_chunk_01,topic_anchored,0,200,Tom Murphy; DJ White,Department of Astronomy and Astrophysics,Organization,0.85,'the Department of Astronomy and Astrophysics at the University of California San Diego'
RR-24-The-Fantasy-of-Space-Colonization,tgs:PanelDiscussion.TGS_24_TomMurphy,RR24_chunk_01,topic_anchored,0,200,Tom Murphy; DJ White,Washington State,Location,0.9,'He retired in 2023 and moved to Washington State'
RR-24-The-Fantasy-of-Space-Colonization,tgs:PanelDiscussion.TGS_24_TomMurphy,RR24_chunk_01,topic_anchored,0,200,Tom Murphy; DJ White,Energy and Human Ambitions on a Finite Planet,Work_Publication,0.93,"'Tom is the author of Energy and Human Ambitions on a finite planet' — textbook title, lowercased in transcript"
RR-24-The-Fantasy-of-Space-Colonization,tgs:PanelDiscussion.TGS_24_TomMurphy,RR24_chunk_01,topic_anchored,0,200,Tom Murphy; DJ White,Metastatic Modernity,Work_Publication,0.9,'creator of the Metastatic Modernity Video series'
RR-24-The-Fantasy-of-Space-Colonization,tgs:PanelDiscussion.TGS_24_TomMurphy,RR24_chunk_01,topic_anchored,0,200,Tom Murphy; DJ White,Do the Math,Work_Publication,0.9,'continues to explore long-term human success through his do the math blog'
RR-24-The-Fantasy-of-Space-Colonization,tgs:PanelDiscussion.TGS_24_TomMurphy,RR24_chunk_01,topic_anchored,0,200,Tom Murphy; DJ White,Greenpeace International,Organization,0.94,'DJ White is a co-founder of Greenpeace International'
RR-24-The-Fantasy-of-Space-Colonization,tgs:PanelDiscussion.TGS_24_TomMurphy,RR24_chunk_01,topic_anchored,0,200,Tom Murphy; DJ White,Earth Trust,Organization,0.93,'founder of Earth Trust'
RR-24-The-Fantasy-of-Space-Colonization,tgs:PanelDiscussion.TGS_24_TomMurphy,RR24_chunk_01,topic_anchored,0,200,Tom Murphy; DJ White,Kuwaiti oil fires,Event,0.87,'breaking the deadlock and capping the Kuwaiti oil fires'
RR-24-The-Fantasy-of-Space-Colonization,tgs:PanelDiscussion.TGS_24_TomMurphy,RR24_chunk_01,topic_anchored,0,200,Tom Murphy; DJ White,national dolphin drive kill,Event,0.72,'including successfully stopping a national dolphin drive kill' — described as an event/practice halted
RR-24-The-Fantasy-of-Space-Colonization,tgs:PanelDiscussion.TGS_24_TomMurphy,RR24_chunk_01,topic_anchored,0,200,Tom Murphy; DJ White,Pologic drift netting,Concept_LIKELY_ASR_ERROR,0.4,"'the world's largest and most destructive global fishery, Pologic drift netting' — 'Pologic' appears to be a transcription error for 'pelagic'"
RR-24-The-Fantasy-of-Space-Colonization,tgs:PanelDiscussion.TGS_24_TomMurphy,RR24_chunk_01,topic_anchored,0,200,Tom Murphy; DJ White,The Great Simplification,Work_Publication,0.95,"'Welcome back to The Great Simplification, DJ White and Tom Murphy' — the podcast itself"
RR-24-The-Fantasy-of-Space-Colonization,tgs:PanelDiscussion.TGS_24_TomMurphy,RR24_chunk_01,topic_anchored,0,200,Tom Murphy; DJ White,great apes,Taxon,0.7,'first demonstrated self-awareness in the universe outside of the great apes'
RR-24-The-Fantasy-of-Space-Colonization,tgs:PanelDiscussion.TGS_24_TomMurphy,RR24_chunk_03,topic_anchored,228,265,Techno-optimism,Tom Murphy,Person,0.97,Speaker; describes 20 years as an astrophysics professor
RR-24-The-Fantasy-of-Space-Colonization,tgs:PanelDiscussion.TGS_24_TomMurphy,RR24_chunk_03,topic_anchored,228,265,Techno-optimism,Apollo (Apache Point Observatory Lunar Laser-ranging Operation),Project_Experiment,0.94,"'The project, in fact, was named Apollo, the Apache Point Observatory lunar laser ranging operation' — Murphy's main research project"
RR-24-The-Fantasy-of-Space-Colonization,tgs:PanelDiscussion.TGS_24_TomMurphy,RR24_chunk_03,topic_anchored,228,265,Techno-optimism,Apache Point Observatory,Facility,0.92,Expansion of the APOLLO acronym; the observatory hosting the lunar laser ranging project
RR-24-The-Fantasy-of-Space-Colonization,tgs:PanelDiscussion.TGS_24_TomMurphy,RR24_chunk_03,topic_anchored,228,265,Techno-optimism,Apollo program,Program_Mission,0.9,'reflectors that were placed on the lunar surface by Apollo astronaut[s]'
RR-24-The-Fantasy-of-Space-Colonization,tgs:PanelDiscussion.TGS_24_TomMurphy,RR24_chunk_03,topic_anchored,228,265,Techno-optimism,Saturn V,Technology_Vehicle,0.9,'Our logo was a Saturn five rocket' — rendered as 'Saturn five' in transcript
RR-24-The-Fantasy-of-Space-Colonization,tgs:PanelDiscussion.TGS_24_TomMurphy,RR24_chunk_03,topic_anchored,228,265,Techno-optimism,Houston,Nickname_ComputerName,0.85,"'Our computer, the mission control, if you will, was called Houston' — a machine name alluding to NASA mission control"
RR-24-The-Fantasy-of-Space-Colonization,tgs:PanelDiscussion.TGS_24_TomMurphy,RR24_chunk_03,topic_anchored,228,265,Techno-optimism,CoCo,Nickname_ComputerName,0.7,"'the instrument control computer had two Cs in it, so it had cocoa as its name' — transcript spells it 'cocoa'; likely 'CoCo' after Cocoa Beach; possible ASR/spelling variant"
RR-24-The-Fantasy-of-Space-Colonization,tgs:PanelDiscussion.TGS_24_TomMurphy,RR24_chunk_03,topic_anchored,228,265,Techno-optimism,Cocoa Beach,Location,0.9,'because of Cocoa Beach where the astronauts trained'
RR-24-The-Fantasy-of-Space-Colonization,tgs:PanelDiscussion.TGS_24_TomMurphy,RR24_chunk_03,topic_anchored,228,265,Techno-optimism,Apollo command module,Technology_Component,0.85,'a custom piece of electronics that controlled the real-time state of the machine called the Apollo command module'
RR-24-The-Fantasy-of-Space-Colonization,tgs:PanelDiscussion.TGS_24_TomMurphy,RR24_chunk_03,topic_anchored,228,265,Techno-optimism,NASA,Organization,0.97,'two decades of continuous funding from NASA... reviewed over a hundred NASA proposals'
RR-24-The-Fantasy-of-Space-Colonization,tgs:PanelDiscussion.TGS_24_TomMurphy,RR24_chunk_03,topic_anchored,228,265,Techno-optimism,National Science Foundation,Organization,0.95,'a comparable amount from National Science Foundation'
RR-24-The-Fantasy-of-Space-Colonization,tgs:PanelDiscussion.TGS_24_TomMurphy,RR24_chunk_03,topic_anchored,228,265,Techno-optimism,Mars,Location_Planet,0.9,'some of them for Mars missions'
RR-24-The-Fantasy-of-Space-Colonization,tgs:PanelDiscussion.TGS_24_TomMurphy,RR24_chunk_03,topic_anchored,228,265,Techno-optimism,FBOs,Concept_LIKELY_ASR_ERROR,0.25,"'a mission concept study to put a spacecraft on FBOs, to test general relativity' — 'FBOs' is not a standard term; likely mis-transcription of 'NEOs' (near-Earth objects) or 'Phobos'"
RR-24-The-Fantasy-of-Space-Colonization,tgs:PanelDiscussion.TGS_24_TomMurphy,RR24_chunk_03,topic_anchored,228,265,Techno-optimism,general relativity,Concept,0.93,'to test general relativity in the solar system'
RR-24-The-Fantasy-of-Space-Colonization,tgs:PanelDiscussion.TGS_24_TomMurphy,RR24_chunk_03,topic_anchored,228,265,Techno-optimism,Jet Propulsion Laboratory,Organization,0.95,'was at the Jet propulsion laboratory in the room where they all sit around with navigation and computation...'
RR-24-The-Fantasy-of-Space-Colonization,tgs:PanelDiscussion.TGS_24_TomMurphy,RR24_chunk_03,topic_anchored,228,265,Techno-optimism,Star Wars,Work_Film,0.95,'it was seven years old when Star Wars came out and it rocked my world'
RR-24-The-Fantasy-of-Space-Colonization,tgs:PanelDiscussion.TGS_24_TomMurphy,RR24_chunk_03,topic_anchored,228,265,Techno-optimism,Star Trek,Work_Series,0.95,'became a fan of Star Trek'
RR-24-The-Fantasy-of-Space-Colonization,tgs:PanelDiscussion.TGS_24_TomMurphy,RR24_chunk_03,topic_anchored,228,265,Techno-optimism,The Hitchhiker's Guide to the Galaxy,Work_Publication_NAME_VARIANT_CONFLICT,0.8,Transcript renders it 'Hitchhiker's Guided The Galaxy' — garbled ASR of the well-known title
RR-24-The-Fantasy-of-Space-Colonization,tgs:PanelDiscussion.TGS_24_TomMurphy,RR24_chunk_03,topic_anchored,228,265,Techno-optimism,2001: A Space Odyssey,Work_Film,0.85,Transcript says 'the 2001 Space Odyssey'; likely the film/novel title with words dropped
RR-24-The-Fantasy-of-Space-Colonization,tgs:PanelDiscussion.TGS_24_TomMurphy,RR24_chunk_03,topic_anchored,228,265,Techno-optimism,The Right Stuff,Work_Film,0.9,'the Right Stuff was a favorite movie of mine for many years'
RR-24-The-Fantasy-of-Space-Colonization,tgs:PanelDiscussion.TGS_24_TomMurphy,RR24_chunk_03,topic_anchored,228,265,Techno-optimism,"Huntsville, Alabama",Location,0.93,"'I grew up not far from Huntsville, a Alabama'"
RR-24-The-Fantasy-of-Space-Colonization,tgs:PanelDiscussion.TGS_24_TomMurphy,RR24_chunk_03,topic_anchored,228,265,Techno-optimism,Tennessee,Location,0.92,'I was in Tennessee'
RR-24-The-Fantasy-of-Space-Colonization,tgs:PanelDiscussion.TGS_24_TomMurphy,RR24_chunk_03,topic_anchored,228,265,Techno-optimism,Space Museum,Facility,0.6,"'visits to the Space Museum were a real highlight... this is kind of like my mecca' — informal naming, likely the space museum near Huntsville"
RR-24-The-Fantasy-of-Space-Colonization,tgs:PanelDiscussion.TGS_24_TomMurphy,RR24_chunk_03,topic_anchored,228,265,Techno-optimism,space shuttle,Technology_Vehicle,0.85,'I even got a chance to work on a space shuttle project when I was between undergrad and grad school'
RR-24-The-Fantasy-of-Space-Colonization,tgs:PanelDiscussion.TGS_24_TomMurphy,RR24_chunk_03,topic_anchored,228,265,Techno-optimism,John Grunsfeld,Person,0.92,"'We had a local hero, John Grunsfeld, who came out of my same department, and was an astronaut'"
RR-24-The-Fantasy-of-Space-Colonization,tgs:PanelDiscussion.TGS_24_TomMurphy,RR24_chunk_07,topic_anchored,390,490,"U.S. Space & Rocket Center, Huntsville",DJ White,Person,0.95,"Speaker label 'DJ White [07:32]'; guest on the episode, addressed as 'Dj' by Nate Hagens"
RR-24-The-Fantasy-of-Space-Colonization,tgs:PanelDiscussion.TGS_24_TomMurphy,RR24_chunk_07,topic_anchored,390,490,"U.S. Space & Rocket Center, Huntsville",Nate Hagens,Person,0.97,"Speaker label; host asking 'Dj, what about you?'"
RR-24-The-Fantasy-of-Space-Colonization,tgs:PanelDiscussion.TGS_24_TomMurphy,RR24_chunk_07,topic_anchored,390,490,"U.S. Space & Rocket Center, Huntsville",Tom Murphy,Person,0.9,"'the, Tom is the real deal. He's a rocket scientist' — referred to only as 'Tom' in the chunk; full name from episode metadata"
RR-24-The-Fantasy-of-Space-Colonization,tgs:PanelDiscussion.TGS_24_TomMurphy,RR24_chunk_07,topic_anchored,390,490,"U.S. Space & Rocket Center, Huntsville",Mercury,Event_Program,0.8,"'Mer, mercury, Gemini, Apollo, it was nuts' — spoken with a stutter/false start ('Mer, mercury'); NASA crewed spaceflight program"
RR-24-The-Fantasy-of-Space-Colonization,tgs:PanelDiscussion.TGS_24_TomMurphy,RR24_chunk_07,topic_anchored,390,490,"U.S. Space & Rocket Center, Huntsville",Gemini,Event_Program,0.9,"'mercury, Gemini, Apollo' — NASA program named among moon missions"
RR-24-The-Fantasy-of-Space-Colonization,tgs:PanelDiscussion.TGS_24_TomMurphy,RR24_chunk_07,topic_anchored,390,490,"U.S. Space & Rocket Center, Huntsville",Apollo,Event_Program,0.92,"'mercury, Gemini, Apollo' — NASA program named among moon missions"
RR-24-The-Fantasy-of-Space-Colonization,tgs:PanelDiscussion.TGS_24_TomMurphy,RR24_chunk_07,topic_anchored,390,490,"U.S. Space & Rocket Center, Huntsville",Skylab,Spacecraft_Facility,0.93,'I've got a piece of Skylab here on my desk that was given to me... by one of my brothers'
RR-24-The-Fantasy-of-Space-Colonization,tgs:PanelDiscussion.TGS_24_TomMurphy,RR24_chunk_07,topic_anchored,390,490,"U.S. Space & Rocket Center, Huntsville",Indiana,Location,0.9,'he and I drove from Indiana down to see the last Saturn five lift off'
RR-24-The-Fantasy-of-Space-Colonization,tgs:PanelDiscussion.TGS_24_TomMurphy,RR24_chunk_07,topic_anchored,390,490,"U.S. Space & Rocket Center, Huntsville",Saturn V,Vehicle_Technology,0.9,'see the last Saturn five lift off in person' — rendered as spelled-out 'Saturn five' rather than 'Saturn V'
RR-24-The-Fantasy-of-Space-Colonization,tgs:PanelDiscussion.TGS_24_TomMurphy,RR24_chunk_07,topic_anchored,390,490,"U.S. Space & Rocket Center, Huntsville",John Lilly,Person,0.88,"'I had encountered, John Lilly's speculations on dolphins, which had bigger brains'"
RR-24-The-Fantasy-of-Space-Colonization,tgs:PanelDiscussion.TGS_24_TomMurphy,RR24_chunk_07,topic_anchored,390,490,"U.S. Space & Rocket Center, Huntsville",2001: A Space Odyssey,Work_Publication,0.85,"'Tom mentioned, 2001 Space Odyssey, Arthur C. Clark' — later referenced again as 'a Space Odyssey'; title rendered without the colon/'A'; possible NAME_VARIANT_CONFLICT within chunk"
RR-24-The-Fantasy-of-Space-Colonization,tgs:PanelDiscussion.TGS_24_TomMurphy,RR24_chunk_07,topic_anchored,390,490,"U.S. Space & Rocket Center, Huntsville",Arthur C. Clarke,Person,0.9,"'Arthur C. Clark, I guess Sir Arthur C. Clark, who wrote that, became a friend'; also 'Arthur Clark wrote a fiction book' — surname spelled 'Clark' in transcript (likely transcription of 'Clarke'), and name appears in variant forms in the same chunk"
RR-24-The-Fantasy-of-Space-Colonization,tgs:PanelDiscussion.TGS_24_TomMurphy,RR24_chunk_07,topic_anchored,390,490,"U.S. Space & Rocket Center, Huntsville",The Fountains of Paradise,Work_Publication,0.88,'Arthur Clark wrote a fiction book. Called Fountains of Paradise about space elevators' — rendered without leading 'The'
RR-24-The-Fantasy-of-Space-Colonization,tgs:PanelDiscussion.TGS_24_TomMurphy,RR24_chunk_07,topic_anchored,390,490,"U.S. Space & Rocket Center, Huntsville",Dolphin Lab,Organization,0.6,"'I, created dolphin lab for dolphin cognition, research' — unclear whether a proper organization name or generic description"
RR-24-The-Fantasy-of-Space-Colonization,tgs:PanelDiscussion.TGS_24_TomMurphy,RR24_chunk_07,topic_anchored,390,490,"U.S. Space & Rocket Center, Huntsville",space elevators,Concept,0.75,'Fountains of Paradise about space elevators'
RR-24-The-Fantasy-of-Space-Colonization,tgs:PanelDiscussion.TGS_24_TomMurphy,RR24_chunk_07,topic_anchored,390,490,"U.S. Space & Rocket Center, Huntsville",Cinderella,Work_Publication_Character,0.8,"'Cinderella had a co, you know, had a pumpkin that turned into a coach' — used as example of fantasy"
RR-24-The-Fantasy-of-Space-Colonization,tgs:PanelDiscussion.TGS_24_TomMurphy,RR24_chunk_07,topic_anchored,390,490,"U.S. Space & Rocket Center, Huntsville",geophysics,Concept_Field,0.7,'I switched from what had been a geophysics career and initially working in the oil industry'
RR-24-The-Fantasy-of-Space-Colonization,tgs:PanelDiscussion.TGS_24_TomMurphy,RR24_chunk_12,topic_anchored,785,830,"Human capacity for abstract, fantastical, and wrong thinking",Nate Hagens,Person,0.98,Speaker label 'Nate Hagens [13:17]' — host of the episode per metadata.
RR-24-The-Fantasy-of-Space-Colonization,tgs:PanelDiscussion.TGS_24_TomMurphy,RR24_chunk_12,topic_anchored,785,830,"Human capacity for abstract, fantastical, and wrong thinking",Don,Person_NAME_VARIANT_CONFLICT,0.6,"'Don, I've known you for a long time.' Episode metadata lists guests as Tom Murphy and DJ White; 'Don' likely refers to DJ White (possibly 'Don' being his first name behind the initials) or is a mis-transcription/nickname. Flagged as a variant conflict with supplied metadata."
RR-24-The-Fantasy-of-Space-Colonization,tgs:PanelDiscussion.TGS_24_TomMurphy,RR24_chunk_12,topic_anchored,785,830,"Human capacity for abstract, fantastical, and wrong thinking",DJ White,Person,0.9,Named as a guest in the episode metadata; likely the person addressed as 'Don' in this chunk.
RR-24-The-Fantasy-of-Space-Colonization,tgs:PanelDiscussion.TGS_24_TomMurphy,RR24_chunk_12,topic_anchored,785,830,"Human capacity for abstract, fantastical, and wrong thinking",Tom Murphy,Person,0.9,Named as a guest in the episode metadata; not directly named in this chunk's dialogue.
RR-24-The-Fantasy-of-Space-Colonization,tgs:PanelDiscussion.TGS_24_TomMurphy,RR24_chunk_12,topic_anchored,785,830,"Human capacity for abstract, fantastical, and wrong thinking",Jeff Bezos,Person,0.96,'I saw a presentation by Jeff Bezos a few years ago' — host describes the first third as showing understanding of overshoot.
RR-24-The-Fantasy-of-Space-Colonization,tgs:PanelDiscussion.TGS_24_TomMurphy,RR24_chunk_12,topic_anchored,785,830,"Human capacity for abstract, fantastical, and wrong thinking",space mining,Concept,0.85,'there's been lots of popular stories about space mining' — central topic of discussion.
RR-24-The-Fantasy-of-Space-Colonization,tgs:PanelDiscussion.TGS_24_TomMurphy,RR24_chunk_12,topic_anchored,785,830,"Human capacity for abstract, fantastical, and wrong thinking",overshoot,Concept,0.85,"'he totally understands overshoot and the things that we discuss, you know, energy limits'"
RR-24-The-Fantasy-of-Space-Colonization,tgs:PanelDiscussion.TGS_24_TomMurphy,RR24_chunk_12,topic_anchored,785,830,"Human capacity for abstract, fantastical, and wrong thinking",space colonization,Concept,0.8,'these plans for colonizing space and all the things along the way from part fabrication to actually launching a ship' — also in episode title.
RR-24-The-Fantasy-of-Space-Colonization,tgs:PanelDiscussion.TGS_24_TomMurphy,RR24_chunk_12,topic_anchored,785,830,"Human capacity for abstract, fantastical, and wrong thinking",zinc,Material,0.9,'metal and mineral stores and asteroids and space like zinc and iron and copper and cobalt'
RR-24-The-Fantasy-of-Space-Colonization,tgs:PanelDiscussion.TGS_24_TomMurphy,RR24_chunk_12,topic_anchored,785,830,"Human capacity for abstract, fantastical, and wrong thinking",iron,Material,0.9,listed among metals supposedly available from asteroids
RR-24-The-Fantasy-of-Space-Colonization,tgs:PanelDiscussion.TGS_24_TomMurphy,RR24_chunk_12,topic_anchored,785,830,"Human capacity for abstract, fantastical, and wrong thinking",copper,Material,0.9,listed among metals supposedly available from asteroids
RR-24-The-Fantasy-of-Space-Colonization,tgs:PanelDiscussion.TGS_24_TomMurphy,RR24_chunk_12,topic_anchored,785,830,"Human capacity for abstract, fantastical, and wrong thinking",cobalt,Material,0.9,listed among metals supposedly available from asteroids
RR-24-The-Fantasy-of-Space-Colonization,tgs:PanelDiscussion.TGS_24_TomMurphy,RR24_chunk_12,topic_anchored,785,830,"Human capacity for abstract, fantastical, and wrong thinking",asteroids,AstronomicalObject,0.85,'once we tap into the metal and mineral stores and asteroids and space'
RR-24-The-Fantasy-of-Space-Colonization,tgs:PanelDiscussion.TGS_24_TomMurphy,RR24_chunk_12,topic_anchored,785,830,"Human capacity for abstract, fantastical, and wrong thinking",Earth,Location,0.9,'it's gonna solve any scarcity issues on earth'
RR-24-The-Fantasy-of-Space-Colonization,tgs:PanelDiscussion.TGS_24_TomMurphy,RR24_chunk_12,topic_anchored,785,830,"Human capacity for abstract, fantastical, and wrong thinking",off world mining operation,Concept,0.7,'energy and material requirements in order to fully construct and maintain an off world mining operation'
RR-24-The-Fantasy-of-Space-Colonization,tgs:PanelDiscussion.TGS_24_TomMurphy,RR24_chunk_14,topic_anchored,845,905,Jeff Bezos presentation on space colonization,Tom Murphy,Person,0.98,Speaker label for the transcript chunk; also listed as guest in episode metadata.
RR-24-The-Fantasy-of-Space-Colonization,tgs:PanelDiscussion.TGS_24_TomMurphy,RR24_chunk_14,topic_anchored,845,905,Jeff Bezos presentation on space colonization,platinum,Material,0.9,'the worth of an asteroid ... in terms of its trace amounts of platinum'
RR-24-The-Fantasy-of-Space-Colonization,tgs:PanelDiscussion.TGS_24_TomMurphy,RR24_chunk_14,topic_anchored,845,905,Jeff Bezos presentation on space colonization,gold,Material,0.9,'you can ask the same thing about gold just suspended in the ocean'
RR-24-The-Fantasy-of-Space-Colonization,tgs:PanelDiscussion.TGS_24_TomMurphy,RR24_chunk_14,topic_anchored,845,905,Jeff Bezos presentation on space colonization,nickel,Material,0.92,'nickel is one of the elements that you do find in some abundance in an asteroid'
RR-24-The-Fantasy-of-Space-Colonization,tgs:PanelDiscussion.TGS_24_TomMurphy,RR24_chunk_14,topic_anchored,845,905,Jeff Bezos presentation on space colonization,M-class asteroids,Concept,0.85,"'a special class, the m class asteroids that ... make the eyes light up'; metal-rich asteroid classification."
RR-24-The-Fantasy-of-Space-Colonization,tgs:PanelDiscussion.TGS_24_TomMurphy,RR24_chunk_14,topic_anchored,845,905,Jeff Bezos presentation on space colonization,Don't Look Up,Work_Publication,0.88,'the don't look up movie was a really great example of that'; film title rendered in lowercase in transcript.
RR-24-The-Fantasy-of-Space-Colonization,tgs:PanelDiscussion.TGS_24_TomMurphy,RR24_chunk_14,topic_anchored,845,905,Jeff Bezos presentation on space colonization,rocket equation,Concept,0.93,"'there's this thing called the rocket equation, which talks about how much fuel you need to move a certain piece of material'"
RR-24-The-Fantasy-of-Space-Colonization,tgs:PanelDiscussion.TGS_24_TomMurphy,RR24_chunk_14,topic_anchored,845,905,Jeff Bezos presentation on space colonization,delta V,Concept,0.7,"'give it a delta VA change in velocity' — appears to be 'delta V, a change in velocity'; transcript run-together suggests transcription artifact."
RR-24-The-Fantasy-of-Space-Colonization,tgs:PanelDiscussion.TGS_24_TomMurphy,RR24_chunk_14,topic_anchored,845,905,Jeff Bezos presentation on space colonization,Saturn V,Technology_Vehicle,0.9,'a Saturn five rocket is 90% fuel'; rendered as 'Saturn five' in transcript rather than 'Saturn V'.
RR-24-The-Fantasy-of-Space-Colonization,tgs:PanelDiscussion.TGS_24_TomMurphy,RR24_chunk_14,topic_anchored,845,905,Jeff Bezos presentation on space colonization,Earth,Location,0.85,"'into proximity to the earth, so that it could be useful'"
RR-24-The-Fantasy-of-Space-Colonization,tgs:PanelDiscussion.TGS_24_TomMurphy,RR24_chunk_14,topic_anchored,845,905,Jeff Bezos presentation on space colonization,space mining,Concept,0.8,'I haven't really dug into the space mining fantasy in particular'
RR-24-The-Fantasy-of-Space-Colonization,tgs:PanelDiscussion.TGS_24_TomMurphy,RR24_chunk_20,topic_anchored,1028,1072,Ideal rocket equation,Nate Hagens,Person,0.98,Speaker label 'Nate Hagens [17:51]'; matches episode host metadata.
RR-24-The-Fantasy-of-Space-Colonization,tgs:PanelDiscussion.TGS_24_TomMurphy,RR24_chunk_20,topic_anchored,1028,1072,Ideal rocket equation,corn ethanol,Material_Technology,0.8,"'the space equivalent of, corn or cellulosic ethanol from an energy perspective' — named as an energy source analogy."
RR-24-The-Fantasy-of-Space-Colonization,tgs:PanelDiscussion.TGS_24_TomMurphy,RR24_chunk_20,topic_anchored,1028,1072,Ideal rocket equation,cellulosic ethanol,Material_Technology,0.85,'corn or cellulosic ethanol from an energy perspective' — named biofuel used as analogy for poor energy return.
RR-24-The-Fantasy-of-Space-Colonization,tgs:PanelDiscussion.TGS_24_TomMurphy,RR24_chunk_21,topic_anchored,1072,1080,Corn ethanol EROI,Tom Murphy,Person,0.97,Speaker label for this chunk; guest listed in episode metadata as Tom Murphy.
RR-24-The-Fantasy-of-Space-Colonization,tgs:PanelDiscussion.TGS_24_TomMurphy,RR24_chunk_21,topic_anchored,1072,1080,Corn ethanol EROI,Earth,Location,0.9,"""The environmental impact on earth"" — rendered lowercase in transcript; refers to the planet."
RR-24-The-Fantasy-of-Space-Colonization,tgs:PanelDiscussion.TGS_24_TomMurphy,RR24_chunk_21,topic_anchored,1072,1080,Corn ethanol EROI,Sun,Location,0.85,"""move things around the gravity well of the sun"" — astronomical body named in text."
RR-24-The-Fantasy-of-Space-Colonization,tgs:PanelDiscussion.TGS_24_TomMurphy,RR24_chunk_21,topic_anchored,1072,1080,Corn ethanol EROI,lifecycle analysis,Concept,0.8,"""a lifecycle analysis of the costs for every hour that a human has spent in space"" — named methodology."
RR-24-The-Fantasy-of-Space-Colonization,tgs:PanelDiscussion.TGS_24_TomMurphy,RR24_chunk_21,topic_anchored,1072,1080,Corn ethanol EROI,gravity well,Concept,0.75,"""to get out of this gravity well, or move things around the gravity well of the sun"" — physics concept invoked as term."
RR-24-The-Fantasy-of-Space-Colonization,tgs:PanelDiscussion.TGS_24_TomMurphy,RR24_chunk_21,topic_anchored,1072,1080,Corn ethanol EROI,global average citizen,Concept,0.55,"""roughly 2000 times a single hour spent by a global average citizen"" — used as a per-capita impact baseline unit rather than a proper entity."
RR-24-The-Fantasy-of-Space-Colonization,tgs:PanelDiscussion.TGS_24_TomMurphy,RR24_chunk_21,topic_anchored,1072,1080,Corn ethanol EROI,Corn ethanol EROI,Concept_NAME_VARIANT_CONFLICT,0.15,"Curator-supplied chunk topic, but nothing in this chunk mentions corn, ethanol, or EROI; the text is entirely about lifecycle environmental cost per human-hour in space. Possible chunk/topic misalignment in the corpus — flagging rather than asserting."
RR-24-The-Fantasy-of-Space-Colonization,tgs:PanelDiscussion.TGS_24_TomMurphy,RR24_chunk_22,topic_anchored,1080,1138,Environmental/moral implications of human space travel,DJ White,Person,0.97,Speaker label 'DJ White [18:52]'; listed as a guest in episode metadata.
RR-24-The-Fantasy-of-Space-Colonization,tgs:PanelDiscussion.TGS_24_TomMurphy,RR24_chunk_22,topic_anchored,1080,1138,Environmental/moral implications of human space travel,serious wreck mission,SpaceMission_LIKELY_ASR_ERROR,0.4,"""I think the, was serious wreck mission and returned it to earth"" — describes an asteroid sample-return mission; garbled phrase almost certainly a speech-recognition mangling of a mission name (sounds like 'OSIRIS-REx'). Flagged rather than corrected."
RR-24-The-Fantasy-of-Space-Colonization,tgs:PanelDiscussion.TGS_24_TomMurphy,RR24_chunk_22,topic_anchored,1080,1138,Environmental/moral implications of human space travel,Earth,Location,0.95,"""returned it to earth"" and ""the crappy oars that are still left on earth"" — note 'oars' appears to be an ASR rendering of 'ores'."
RR-24-The-Fantasy-of-Space-Colonization,tgs:PanelDiscussion.TGS_24_TomMurphy,RR24_chunk_22,topic_anchored,1080,1138,Environmental/moral implications of human space travel,"to be or not to be, that is the question",Quotation_Work_Reference,0.5,"""so to be or, not to be, or that is the question"" — rhetorical quotation used mid-argument; no author or work named in the text."
RR-24-The-Fantasy-of-Space-Colonization,tgs:PanelDiscussion.TGS_24_TomMurphy,RR24_chunk_22,topic_anchored,1080,1138,Environmental/moral implications of human space travel,magical thinking,Concept,0.7,"""innumeracy and belief in magical thinking"" — used as a named cognitive failing in the argument against asteroid mining."
RR-24-The-Fantasy-of-Space-Colonization,tgs:PanelDiscussion.TGS_24_TomMurphy,RR24_chunk_22,topic_anchored,1080,1138,Environmental/moral implications of human space travel,innumeracy,Concept,0.65,"""a binary litmus test for, understanding basic physics and, innumeracy"""
RR-24-The-Fantasy-of-Space-Colonization,tgs:PanelDiscussion.TGS_24_TomMurphy,RR24_chunk_23,topic_anchored,1138,1246,OSIRIS-REx asteroid return mission,Nate Hagens,Person,0.97,"Speaker label 'Nate Hagens [19:53]' — host of the episode, consistent with metadata."
RR-24-The-Fantasy-of-Space-Colonization,tgs:PanelDiscussion.TGS_24_TomMurphy,RR24_chunk_24_filler,filler,1246,1270,,Tom Murphy,Person,0.98,Speaker label 'Tom Murphy [20:46]' — matches episode metadata as guest
RR-24-The-Fantasy-of-Space-Colonization,tgs:PanelDiscussion.TGS_24_TomMurphy,RR24_chunk_26,topic_anchored,1302,1340,Fossil fuel boom: The Carbon Pulse,Nate Hagens,Person,0.98,Host speaking at 21:52; also referenced as 'na your' possibly a truncated 'Nate' by DJ White
RR-24-The-Fantasy-of-Space-Colonization,tgs:PanelDiscussion.TGS_24_TomMurphy,RR24_chunk_26,topic_anchored,1302,1340,Fossil fuel boom: The Carbon Pulse,DJ White,Person,0.97,"'dj, what do you think?' — guest speaker responding"
RR-24-The-Fantasy-of-Space-Colonization,tgs:PanelDiscussion.TGS_24_TomMurphy,RR24_chunk_26,topic_anchored,1302,1340,Fossil fuel boom: The Carbon Pulse,Tom,Person,0.9,'this is Tom and I love space studies' — refers to guest Tom Murphy per episode metadata; rendered as first name only
RR-24-The-Fantasy-of-Space-Colonization,tgs:PanelDiscussion.TGS_24_TomMurphy,RR24_chunk_26,topic_anchored,1302,1340,Fossil fuel boom: The Carbon Pulse,carbon pulse,Concept,0.95,"'the finiteness of the carbon pulse, and instead of facing the down slope of the carbon pulse'"
RR-24-The-Fantasy-of-Space-Colonization,tgs:PanelDiscussion.TGS_24_TomMurphy,RR24_chunk_26,topic_anchored,1302,1340,Fossil fuel boom: The Carbon Pulse,energetic remoteness,Concept,0.95,"'the concept, that I've tried to push called energetic remoteness' — DJ White's coined term; also garbled later as 'energetic. Remote modus'"
RR-24-The-Fantasy-of-Space-Colonization,tgs:PanelDiscussion.TGS_24_TomMurphy,RR24_chunk_26,topic_anchored,1302,1340,Fossil fuel boom: The Carbon Pulse,Remote modus,Concept_LIKELY_ASR_ERROR,0.3,'but it's energetic. Remote modus doesn't work' — almost certainly a mis-transcription of 'energetic remoteness'
RR-24-The-Fantasy-of-Space-Colonization,tgs:PanelDiscussion.TGS_24_TomMurphy,RR24_chunk_26,topic_anchored,1302,1340,Fossil fuel boom: The Carbon Pulse,magical thinking,Concept,0.85,'it's a magical thinking and we've always knew we've got brains that are really tuned for magical thinking'
RR-24-The-Fantasy-of-Space-Colonization,tgs:PanelDiscussion.TGS_24_TomMurphy,RR24_chunk_26,topic_anchored,1302,1340,Fossil fuel boom: The Carbon Pulse,entropy,Concept,0.85,"'it's related to entropy, but it's, really cool'"
RR-24-The-Fantasy-of-Space-Colonization,tgs:PanelDiscussion.TGS_24_TomMurphy,RR24_chunk_26,topic_anchored,1302,1340,Fossil fuel boom: The Carbon Pulse,tech singularity,Concept,0.8,"'talking about, at, you know, tech singularities where AI are gonna become gods'"
RR-24-The-Fantasy-of-Space-Colonization,tgs:PanelDiscussion.TGS_24_TomMurphy,RR24_chunk_26,topic_anchored,1302,1340,Fossil fuel boom: The Carbon Pulse,AI,Technology,0.85,'where AI are gonna become gods that we control'
RR-24-The-Fantasy-of-Space-Colonization,tgs:PanelDiscussion.TGS_24_TomMurphy,RR24_chunk_26,topic_anchored,1302,1340,Fossil fuel boom: The Carbon Pulse,Dyson sphere,Concept,0.9,"'we expanded space and build you. Encasing, Dyson spheres around stars'"
RR-24-The-Fantasy-of-Space-Colonization,tgs:PanelDiscussion.TGS_24_TomMurphy,RR24_chunk_26,topic_anchored,1302,1340,Fossil fuel boom: The Carbon Pulse,Titan,Location,0.95,'there are oceans of methane on Titan' — moon of Saturn
RR-24-The-Fantasy-of-Space-Colonization,tgs:PanelDiscussion.TGS_24_TomMurphy,RR24_chunk_26,topic_anchored,1302,1340,Fossil fuel boom: The Carbon Pulse,methane,Material,0.93,'oceans of methane on Titan. Can we bring it back here and use it in trucks'
RR-24-The-Fantasy-of-Space-Colonization,tgs:PanelDiscussion.TGS_24_TomMurphy,RR24_chunk_26,topic_anchored,1302,1340,Fossil fuel boom: The Carbon Pulse,dopamine,Material,0.85,"'kind of give some sort of, dopamine and hope' — neurotransmitter referenced by Nate Hagens"
RR-24-The-Fantasy-of-Space-Colonization,tgs:PanelDiscussion.TGS_24_TomMurphy,RR24_chunk_26,topic_anchored,1302,1340,Fossil fuel boom: The Carbon Pulse,religion,Concept,0.8,'let's use the R word. This is a religion now... the new tech religion'
RR-24-The-Fantasy-of-Space-Colonization,tgs:PanelDiscussion.TGS_24_TomMurphy,RR24_chunk_26,topic_anchored,1302,1340,Fossil fuel boom: The Carbon Pulse,aggregate probability,Concept,0.7,'if you take energetic remoteness plus an understanding of aggregate probability of doing difficult things'
RR-24-The-Fantasy-of-Space-Colonization,tgs:PanelDiscussion.TGS_24_TomMurphy,RR24_chunk_26,topic_anchored,1302,1340,Fossil fuel boom: The Carbon Pulse,space telescope,Technology,0.7,"'I love the space telescope stuff and everything' — generic reference, no specific instrument named"
RR-24-The-Fantasy-of-Space-Colonization,tgs:PanelDiscussion.TGS_24_TomMurphy,RR24_chunk_26,topic_anchored,1302,1340,Fossil fuel boom: The Carbon Pulse,Cinderella,FictionalCharacter,0.85,'no more real than Cinderella's pumpkin carriage' — used as illustration of unreality
RR-24-The-Fantasy-of-Space-Colonization,tgs:PanelDiscussion.TGS_24_TomMurphy,RR24_chunk_26,topic_anchored,1302,1340,Fossil fuel boom: The Carbon Pulse,leprechauns,FictionalEntity,0.8,'believing that leprechauns fix your shoes every night'
RR-24-The-Fantasy-of-Space-Colonization,tgs:PanelDiscussion.TGS_24_TomMurphy,RR24_chunk_26,topic_anchored,1302,1340,Fossil fuel boom: The Carbon Pulse,Reality 101,Work_Publication_LIKELY_ASR_ERROR,0.25,'which I think tall our aliens from reality 1 0 1 wanted to call' — passage is badly garbled; 'reality 1 0 1' may be 'Reality 101' (a course/series name) but the surrounding words are unintelligible
RR-24-The-Fantasy-of-Space-Colonization,tgs:PanelDiscussion.TGS_24_TomMurphy,RR24_chunk_32,topic_anchored,1457,1550,Titan's methane seas,Nate Hagens,Person,0.98,Speaker label 'Nate Hagens [25:24]' — host of the episode.
RR-24-The-Fantasy-of-Space-Colonization,tgs:PanelDiscussion.TGS_24_TomMurphy,RR24_chunk_32,topic_anchored,1457,1550,Titan's methane seas,Tom Murphy,Person,0.98,Speaker label 'Tom Murphy [25:43]' — guest.
RR-24-The-Fantasy-of-Space-Colonization,tgs:PanelDiscussion.TGS_24_TomMurphy,RR24_chunk_32,topic_anchored,1457,1550,Titan's methane seas,Titan,AstronomicalBody,0.95,"'in the example of Titan, there's enormous amount of hydrocarbons there, methane' — Saturn's moon discussed as a methane resource."
RR-24-The-Fantasy-of-Space-Colonization,tgs:PanelDiscussion.TGS_24_TomMurphy,RR24_chunk_32,topic_anchored,1457,1550,Titan's methane seas,methane,Material,0.92,"'enormous amount of hydrocarbons there, methane' — named substance on Titan."
RR-24-The-Fantasy-of-Space-Colonization,tgs:PanelDiscussion.TGS_24_TomMurphy,RR24_chunk_32,topic_anchored,1457,1550,Titan's methane seas,hydrocarbons,Material,0.85,"'enormous amount of, hydrocarbons there' — general resource class named."
RR-24-The-Fantasy-of-Space-Colonization,tgs:PanelDiscussion.TGS_24_TomMurphy,RR24_chunk_32,topic_anchored,1457,1550,Titan's methane seas,stranded resources,Concept,0.8,'you could also call that stranded resources' — Tom Murphy naming a concept for energy too costly to retrieve.
RR-24-The-Fantasy-of-Space-Colonization,tgs:PanelDiscussion.TGS_24_TomMurphy,RR24_chunk_32,topic_anchored,1457,1550,Titan's methane seas,FWU,Acronym_LIKELY_ASR_ERROR,0.15,'but I like fu I'm guessing that's FWU' — garbled speech fragment; the acronym is not expanded anywhere and appears to be a transcription error for an unknown term.
RR-24-The-Fantasy-of-Space-Colonization,tgs:PanelDiscussion.TGS_24_TomMurphy,RR24_chunk_33_filler,filler,1550,1575,,DJ White,Person,0.98,Speaker label 'DJ White [25:50]'; also referenced by Tom Murphy: 'either I or DJ or anybody else'
RR-24-The-Fantasy-of-Space-Colonization,tgs:PanelDiscussion.TGS_24_TomMurphy,RR24_chunk_33_filler,filler,1550,1575,,Nate Hagens,Person,0.98,Speaker label 'Nate Hagens [26:06]'; host of the episode
RR-24-The-Fantasy-of-Space-Colonization,tgs:PanelDiscussion.TGS_24_TomMurphy,RR24_chunk_33_filler,filler,1550,1575,,Tom Murphy,Person,0.98,Speaker label 'Tom Murphy [26:12]'; guest
RR-24-The-Fantasy-of-Space-Colonization,tgs:PanelDiscussion.TGS_24_TomMurphy,RR24_chunk_33_filler,filler,1550,1575,,aggregate probability,Concept,0.6,'aggregate probability needs a single syllable too' — a term being discussed as needing a shorter name
RR-24-The-Fantasy-of-Space-Colonization,tgs:PanelDiscussion.TGS_24_TomMurphy,RR24_chunk_33_filler,filler,1550,1575,,more than human predicament,Concept,0.6,Nate Hagens: 'tethered to reality and relevant to our more than human predicament'
RR-24-The-Fantasy-of-Space-Colonization,tgs:PanelDiscussion.TGS_24_TomMurphy,RR24_chunk_33_filler,filler,1550,1575,,Earth,Location,0.85,"'That earth is a cradle, empty metaphor.'"
RR-24-The-Fantasy-of-Space-Colonization,tgs:PanelDiscussion.TGS_24_TomMurphy,RR24_chunk_33_filler,filler,1550,1575,,the final frontier,Concept,0.55,Listed among 'empty metaphors' fueling space colonization belief
RR-24-The-Fantasy-of-Space-Colonization,tgs:PanelDiscussion.TGS_24_TomMurphy,RR24_chunk_33_filler,filler,1550,1575,,biophysical ignorance,Concept,0.5,"'anytime somebody says ingenuity is unlimited, it's a real biophysical ignorance'"
RR-24-The-Fantasy-of-Space-Colonization,tgs:PanelDiscussion.TGS_24_TomMurphy,RR24_chunk_33_filler,filler,1550,1575,,ecological constraints,Concept,0.6,"'if you don't understand ecological constraints, then your imagination can run off'"
RR-24-The-Fantasy-of-Space-Colonization,tgs:PanelDiscussion.TGS_24_TomMurphy,RR24_chunk_35,topic_anchored,1670,1719,"Stages of faith, ego development",Nate Hagens,Person,0.98,"Host of the episode, speaker label"
RR-24-The-Fantasy-of-Space-Colonization,tgs:PanelDiscussion.TGS_24_TomMurphy,RR24_chunk_35,topic_anchored,1670,1719,"Stages of faith, ego development",Tom Murphy,Person,0.98,Guest speaker discussing space colonization economics
RR-24-The-Fantasy-of-Space-Colonization,tgs:PanelDiscussion.TGS_24_TomMurphy,RR24_chunk_35,topic_anchored,1670,1719,"Stages of faith, ego development",Moon,Location,0.97,"'the two that really come up most, are Moon and Mars'"
RR-24-The-Fantasy-of-Space-Colonization,tgs:PanelDiscussion.TGS_24_TomMurphy,RR24_chunk_35,topic_anchored,1670,1719,"Stages of faith, ego development",Mars,Location,0.97,'Mars is 600 times further than the moon on average'
RR-24-The-Fantasy-of-Space-Colonization,tgs:PanelDiscussion.TGS_24_TomMurphy,RR24_chunk_35,topic_anchored,1670,1719,"Stages of faith, ego development",Apollo program,Program_Project,0.95,"'The Apollo program spent a hundred billion, sorry, $1 billion per astronaut'"
RR-24-The-Fantasy-of-Space-Colonization,tgs:PanelDiscussion.TGS_24_TomMurphy,RR24_chunk_35,topic_anchored,1670,1719,"Stages of faith, ego development",International Space Station,Infrastructure_Facility,0.96,'the International Space Station is a thousand times cheaper than the moon'
RR-24-The-Fantasy-of-Space-Colonization,tgs:PanelDiscussion.TGS_24_TomMurphy,RR24_chunk_35,topic_anchored,1670,1719,"Stages of faith, ego development",Earth,Location,0.93,"'all from earth, like expensive launches'; also 'earth atmosphere'"
RR-24-The-Fantasy-of-Space-Colonization,tgs:PanelDiscussion.TGS_24_TomMurphy,RR24_chunk_35,topic_anchored,1670,1719,"Stages of faith, ego development",space colonization,Concept,0.8,"'If nothing ever develops, if we don't have space colonization'"
RR-24-The-Fantasy-of-Space-Colonization,tgs:PanelDiscussion.TGS_24_TomMurphy,RR24_chunk_35,topic_anchored,1670,1719,"Stages of faith, ego development",space mining,Concept,0.78,"'So adjacent, but separate from space mining'"
RR-24-The-Fantasy-of-Space-Colonization,tgs:PanelDiscussion.TGS_24_TomMurphy,RR24_chunk_35,topic_anchored,1670,1719,"Stages of faith, ego development",CO2,Material,0.85,'It's got a 95% CO2 atmosphere' — Martian atmospheric composition
RR-24-The-Fantasy-of-Space-Colonization,tgs:PanelDiscussion.TGS_24_TomMurphy,RR24_chunk_35,topic_anchored,1670,1719,"Stages of faith, ego development",DJ White,Person,0.6,Listed as a guest in episode metadata but does not speak in this chunk
RR-24-The-Fantasy-of-Space-Colonization,tgs:PanelDiscussion.TGS_24_TomMurphy,RR24_chunk_38,topic_anchored,1800,1893,Cost per year of ISS,Nate Hagens,Person,0.97,"Speaker label 'Nate Hagens [31:30]' — host of the episode, matches supplied metadata."
RR-24-The-Fantasy-of-Space-Colonization,tgs:PanelDiscussion.TGS_24_TomMurphy,RR24_chunk_39_filler,filler,1893,1970,,Tom Murphy,Person,0.98,Speaker label for the transcript chunk; guest named in episode metadata
RR-24-The-Fantasy-of-Space-Colonization,tgs:PanelDiscussion.TGS_24_TomMurphy,RR24_chunk_39_filler,filler,1893,1970,,Earth,Location,0.95,'our physiology is really fully adapted to one earth gravity' / 'When they get back to Earth'
RR-24-The-Fantasy-of-Space-Colonization,tgs:PanelDiscussion.TGS_24_TomMurphy,RR24_chunk_39_filler,filler,1893,1970,,Mars,Location,0.96,"'any betting person would put money on Mars is gonna be problematic' and 'the soil is toxic, on Mars'"
RR-24-The-Fantasy-of-Space-Colonization,tgs:PanelDiscussion.TGS_24_TomMurphy,RR24_chunk_39_filler,filler,1893,1970,,Space Station,Facility_Structure,0.85,'astronauts who spend time on the space station' — likely refers to the International Space Station but only rendered as 'space station'/'Space Station' here
RR-24-The-Fantasy-of-Space-Colonization,tgs:PanelDiscussion.TGS_24_TomMurphy,RR24_chunk_40,topic_anchored,1970,2082,"Mars soil toxicity, potatoes in *The Martian*",Matt Damon,Person,0.97,"""But Matt Damon planted potatoes there"" / ""the actor Matt Damon"" — actor referenced re: The Martian"
RR-24-The-Fantasy-of-Space-Colonization,tgs:PanelDiscussion.TGS_24_TomMurphy,RR24_chunk_40,topic_anchored,1970,2082,"Mars soil toxicity, potatoes in *The Martian*",Mars,Location,0.96,"""of course Mars, Tom has really given a... short list""; also rendered as ""Mar"" (""the first thing you do when you get to Mar"") — likely transcription truncation"
RR-24-The-Fantasy-of-Space-Colonization,tgs:PanelDiscussion.TGS_24_TomMurphy,RR24_chunk_40,topic_anchored,1970,2082,"Mars soil toxicity, potatoes in *The Martian*",perchlorate,Material,0.9,"""Mars per chlorate, riddled potatoes"" — rendered as two words ""per chlorate"" in one instance and ""perchlorate"" later; likely ASR spacing error"
RR-24-The-Fantasy-of-Space-Colonization,tgs:PanelDiscussion.TGS_24_TomMurphy,RR24_chunk_40,topic_anchored,1970,2082,"Mars soil toxicity, potatoes in *The Martian*",Tom,Person,0.85,"""that's why it talked to guys like Tom"" — refers to guest Tom Murphy"
RR-24-The-Fantasy-of-Space-Colonization,tgs:PanelDiscussion.TGS_24_TomMurphy,RR24_chunk_40,topic_anchored,1970,2082,"Mars soil toxicity, potatoes in *The Martian*",Tom Murphy,Person,0.95,Speaker label; guest discussing Mars soil toxicity
RR-24-The-Fantasy-of-Space-Colonization,tgs:PanelDiscussion.TGS_24_TomMurphy,RR24_chunk_40,topic_anchored,1970,2082,"Mars soil toxicity, potatoes in *The Martian*",Nate Hagens,Person,0.95,Speaker label; host
RR-24-The-Fantasy-of-Space-Colonization,tgs:PanelDiscussion.TGS_24_TomMurphy,RR24_chunk_40,topic_anchored,1970,2082,"Mars soil toxicity, potatoes in *The Martian*",DJ White,Person,0.95,Speaker label; guest discussing space mission feasibility
RR-24-The-Fantasy-of-Space-Colonization,tgs:PanelDiscussion.TGS_24_TomMurphy,RR24_chunk_40,topic_anchored,1970,2082,"Mars soil toxicity, potatoes in *The Martian*",we're gonna science the shit out of it,Concept,0.7,"""we're gonna science, the shit out of it is kind of a popular meme"" — quoted line/meme, originally from The Martian"
RR-24-The-Fantasy-of-Space-Colonization,tgs:PanelDiscussion.TGS_24_TomMurphy,RR24_chunk_40,topic_anchored,1970,2082,"Mars soil toxicity, potatoes in *The Martian*",san's,Unknown_LIKELY_ASR_ERROR,0.2,"""you don't go full stop... that's what san's for"" — garbled; unclear intended word or name, possibly not an entity at all"
RR-24-The-Fantasy-of-Space-Colonization,tgs:PanelDiscussion.TGS_24_TomMurphy,RR24_chunk_41_filler,filler,2082,2100,,Nate Hagens,Person,0.95,"Speaker label 'Nate Hagens [34:42]' — host of the episode, named as the speaker of this chunk; matches episode metadata."
RR-24-The-Fantasy-of-Space-Colonization,tgs:PanelDiscussion.TGS_24_TomMurphy,RR24_chunk_42,topic_anchored,2100,2180,"Tom's ""Cost of Ignorance"" analogy",Tom Murphy,Person,0.98,Speaker label for the chunk; guest named in episode metadata.
RR-24-The-Fantasy-of-Space-Colonization,tgs:PanelDiscussion.TGS_24_TomMurphy,RR24_chunk_42,topic_anchored,2100,2180,"Tom's ""Cost of Ignorance"" analogy",iron propulsion,Technology_LIKELY_ASR_ERROR,0.3,'It's gonna have to have maybe iron propulsion' — likely mis-transcription of 'ion propulsion' in a discussion of exotic space travel tech.
RR-24-The-Fantasy-of-Space-Colonization,tgs:PanelDiscussion.TGS_24_TomMurphy,RR24_chunk_42,topic_anchored,2100,2180,"Tom's ""Cost of Ignorance"" analogy",ecology,Concept,0.85,'It requires you to know the first thing about ecology' — the knowledge domain Tom says space colonization advocates ignore.
RR-24-The-Fantasy-of-Space-Colonization,tgs:PanelDiscussion.TGS_24_TomMurphy,RR24_chunk_42,topic_anchored,2100,2180,"Tom's ""Cost of Ignorance"" analogy",chief neurosurgeon,Role_Occupation,0.7,"'holding a position for you open, for chief neurosurgeon at this prestigious hospital' — role used in Tom's analogy, not a named entity per se."
RR-24-The-Fantasy-of-Space-Colonization,tgs:PanelDiscussion.TGS_24_TomMurphy,RR24_chunk_43,topic_anchored,2180,2195,Becoming ecoliterate,Effective Altruism,SchoolOfThought,0.95,"""there's a movement called Effective Altruism that's quite popular"" — named philosophical/social movement discussed as holding the view that humanity's long-term success is to become star bound."
RR-24-The-Fantasy-of-Space-Colonization,tgs:PanelDiscussion.TGS_24_TomMurphy,RR24_chunk_43,topic_anchored,2180,2195,Becoming ecoliterate,Nate Hagens,Person,0.97,"Speaker label ""Nate Hagens [36:31]"" — host of the episode, consistent with episode metadata."
RR-24-The-Fantasy-of-Space-Colonization,tgs:PanelDiscussion.TGS_24_TomMurphy,RR24_chunk_44,topic_anchored,2195,2245,Effective altruism and views on space,DJ White,Person,0.97,Speaker label 'DJ White [37:19]' — guest named in episode metadata.
RR-24-The-Fantasy-of-Space-Colonization,tgs:PanelDiscussion.TGS_24_TomMurphy,RR24_chunk_44,topic_anchored,2195,2245,Effective altruism and views on space,neoclassical economics,SchoolOfThought,0.95,"'the bizarre assumptions of neoclassical economics, which are interwoven into these people'"
RR-24-The-Fantasy-of-Space-Colonization,tgs:PanelDiscussion.TGS_24_TomMurphy,RR24_chunk_44,topic_anchored,2195,2245,Effective altruism and views on space,effective altruists,Movement,0.93,'interwoven into these people with who are the effective altruists' — referred to as a named group; curator topic gives 'effective altruism' as the movement name.
RR-24-The-Fantasy-of-Space-Colonization,tgs:PanelDiscussion.TGS_24_TomMurphy,RR24_chunk_44,topic_anchored,2195,2245,Effective altruism and views on space,magical thinking,Concept,0.7,'one of the big magical thinking things that are suffused in our culture now'
RR-24-The-Fantasy-of-Space-Colonization,tgs:PanelDiscussion.TGS_24_TomMurphy,RR24_chunk_45,topic_anchored,2245,2300,Neoclassical economics and its myths,Nate Hagens,Person,0.97,Speaker label: 'Nate Hagens [38:01]: If the price gets high enough.' Matches episode host metadata.
RR-24-The-Fantasy-of-Space-Colonization,tgs:PanelDiscussion.TGS_24_TomMurphy,RR24_chunk_45,topic_anchored,2245,2300,Neoclassical economics and its myths,DJ White,Person,0.97,Speaker label: 'DJ White [38:02]' — matches listed guest in episode metadata.
RR-24-The-Fantasy-of-Space-Colonization,tgs:PanelDiscussion.TGS_24_TomMurphy,RR24_chunk_45,topic_anchored,2245,2300,Neoclassical economics and its myths,Great Simplification,Concept,0.9,"'there's something called the, Great Simplification coming that is human economies are, cresting a point' — named concept, also the title of the podcast series."
RR-24-The-Fantasy-of-Space-Colonization,tgs:PanelDiscussion.TGS_24_TomMurphy,RR24_chunk_45,topic_anchored,2245,2300,Neoclassical economics and its myths,carbon pulse,Concept,0.9,"'we're cresting the peak, sometime soon of the carbon pulse' and 'they're gonna parallel the carbon pulse'"
RR-24-The-Fantasy-of-Space-Colonization,tgs:PanelDiscussion.TGS_24_TomMurphy,RR24_chunk_45,topic_anchored,2245,2300,Neoclassical economics and its myths,carbon slaves,Concept,0.85,"'we've had like, 500 million carbon slaves' — metaphorical unit of fossil-energy labor equivalents"
RR-24-The-Fantasy-of-Space-Colonization,tgs:PanelDiscussion.TGS_24_TomMurphy,RR24_chunk_45,topic_anchored,2245,2300,Neoclassical economics and its myths,magical thinking,Concept,0.6,"'the thing that allowed that magical thinking to be underpinned, like it seems like we could do magic'"
RR-24-The-Fantasy-of-Space-Colonization,tgs:PanelDiscussion.TGS_24_TomMurphy,RR24_chunk_45,topic_anchored,2245,2300,Neoclassical economics and its myths,globalization,Concept,0.7,'the globalization is gonna disaggregate and things are gonna get simpler'
RR-24-The-Fantasy-of-Space-Colonization,tgs:PanelDiscussion.TGS_24_TomMurphy,RR24_chunk_45,topic_anchored,2245,2300,Neoclassical economics and its myths,price signals,Concept,0.6,'if you got price signals that you can create' — economics concept invoked in critique of neoclassical assumptions
RR-24-The-Fantasy-of-Space-Colonization,tgs:PanelDiscussion.TGS_24_TomMurphy,RR24_chunk_48,topic_anchored,2365,2425,Bread and circuses,Nate Hagens,Person,0.98,"Speaker label; host of the episode, matches supplied metadata."
RR-24-The-Fantasy-of-Space-Colonization,tgs:PanelDiscussion.TGS_24_TomMurphy,RR24_chunk_48,topic_anchored,2365,2425,Bread and circuses,DJ White,Person,0.97,Speaker label; guest listed in episode metadata.
RR-24-The-Fantasy-of-Space-Colonization,tgs:PanelDiscussion.TGS_24_TomMurphy,RR24_chunk_48,topic_anchored,2365,2425,Bread and circuses,Tom Murphy,Person,0.97,Speaker label; guest listed in episode metadata.
RR-24-The-Fantasy-of-Space-Colonization,tgs:PanelDiscussion.TGS_24_TomMurphy,RR24_chunk_48,topic_anchored,2365,2425,Bread and circuses,bread and circuses,Concept,0.8,"""unless it's a bread and circuses sort of thing"" — named rhetorical/political concept, also the curator-supplied chunk topic."
RR-24-The-Fantasy-of-Space-Colonization,tgs:PanelDiscussion.TGS_24_TomMurphy,RR24_chunk_48,topic_anchored,2365,2425,Bread and circuses,closed ecological system,Concept,0.85,"""Put them in a closed ecological system, they're gonna be gone pretty quick"" — named technical concept central to the space-habitat argument."
RR-24-The-Fantasy-of-Space-Colonization,tgs:PanelDiscussion.TGS_24_TomMurphy,RR24_chunk_48,topic_anchored,2365,2425,Bread and circuses,nuclear Armageddon,Event_Concept,0.6,"""we're talking about nuclear Armageddon survivors here"" — invoked hypothetically rather than as a specific historical event."
RR-24-The-Fantasy-of-Space-Colonization,tgs:PanelDiscussion.TGS_24_TomMurphy,RR24_chunk_48,topic_anchored,2365,2425,Bread and circuses,cockroach,Organism,0.55,"""show me that for a cockroach"" — used as a generic example organism in the closed-ecosystem argument, not a specific named entity."
RR-24-The-Fantasy-of-Space-Colonization,tgs:PanelDiscussion.TGS_24_TomMurphy,RR24_chunk_48,topic_anchored,2365,2425,Bread and circuses,shrimp,Organism,0.5,"""a closed environment that can even support a shrimp or a cockroach"" — generic organism example."
RR-24-The-Fantasy-of-Space-Colonization,tgs:PanelDiscussion.TGS_24_TomMurphy,RR24_chunk_48,topic_anchored,2365,2425,Bread and circuses,science the shit out of it,Quotation_Phrase,0.4,"""the folks who believe that yes, we're going to, science the shit out of it"" — a catchphrase quoted as shorthand for techno-optimism; source work not named in the chunk."
RR-24-The-Fantasy-of-Space-Colonization,tgs:PanelDiscussion.TGS_24_TomMurphy,RR24_chunk_49,topic_anchored,2425,2495,EcoSpheres don't work,DJ White,Person,0.97,Speaker label for this chunk; listed as guest in episode metadata.
RR-24-The-Fantasy-of-Space-Colonization,tgs:PanelDiscussion.TGS_24_TomMurphy,RR24_chunk_49,topic_anchored,2425,2495,EcoSpheres don't work,Carl Sagan,Person,0.96,"""I think Carl Sagan used to say that... the pale blue dot."""
RR-24-The-Fantasy-of-Space-Colonization,tgs:PanelDiscussion.TGS_24_TomMurphy,RR24_chunk_49,topic_anchored,2425,2495,EcoSpheres don't work,Pale Blue Dot,Concept,0.8,"""You know, the pale blue dot"" — Sagan's phrase/image for Earth; could also reference his book."
RR-24-The-Fantasy-of-Space-Colonization,tgs:PanelDiscussion.TGS_24_TomMurphy,RR24_chunk_49,topic_anchored,2425,2495,EcoSpheres don't work,cosmic microwave background radiation,Concept,0.88,"""travel a million miles relative... to the cosmic microwave background radiation"""
RR-24-The-Fantasy-of-Space-Colonization,tgs:PanelDiscussion.TGS_24_TomMurphy,RR24_chunk_49,topic_anchored,2425,2495,EcoSpheres don't work,Earth,Location,0.94,"""There is no single square inch of Earth on top of the ocean..."""
RR-24-The-Fantasy-of-Space-Colonization,tgs:PanelDiscussion.TGS_24_TomMurphy,RR24_chunk_49,topic_anchored,2425,2495,EcoSpheres don't work,Antarctica,Location,0.93,"""on the crust of the seabed on Antarctica"""
RR-24-The-Fantasy-of-Space-Colonization,tgs:PanelDiscussion.TGS_24_TomMurphy,RR24_chunk_49,topic_anchored,2425,2495,EcoSpheres don't work,Greenland,Location,0.93,"""the glaciers of Greenland"""
RR-24-The-Fantasy-of-Space-Colonization,tgs:PanelDiscussion.TGS_24_TomMurphy,RR24_chunk_49,topic_anchored,2425,2495,EcoSpheres don't work,Amazon,Organization,0.88,"""You could still order from Amazon at those places"" — the retailer."
RR-24-The-Fantasy-of-Space-Colonization,tgs:PanelDiscussion.TGS_24_TomMurphy,RR24_chunk_49,topic_anchored,2425,2495,EcoSpheres don't work,Cinderella's pumpkin coach,Concept,0.72,"""fully bought in to the Cinderellas pumpkin coach"" — fairy-tale metaphor for space colonization fantasy; rendered without apostrophe in transcript."
RR-24-The-Fantasy-of-Space-Colonization,tgs:PanelDiscussion.TGS_24_TomMurphy,RR24_chunk_49,topic_anchored,2425,2495,EcoSpheres don't work,the moon missions,Event,0.55,"""Farther certainly than any of the moon missions that are coming up"" — generic reference, not a named program."
RR-24-The-Fantasy-of-Space-Colonization,tgs:PanelDiscussion.TGS_24_TomMurphy,RR24_chunk_49,topic_anchored,2425,2495,EcoSpheres don't work,Nate Hagens,Person,0.9,Host per episode metadata; not named in this chunk's text.
RR-24-The-Fantasy-of-Space-Colonization,tgs:PanelDiscussion.TGS_24_TomMurphy,RR24_chunk_49,topic_anchored,2425,2495,EcoSpheres don't work,Tom Murphy,Person,0.9,Guest per episode metadata; not named in this chunk's text.
RR-24-The-Fantasy-of-Space-Colonization,tgs:PanelDiscussion.TGS_24_TomMurphy,RR24_chunk_52,topic_anchored,2525,2630,*Pale Blue Dot*,Nate Hagens,Person,0.98,Speaker label for host asking about biological risks of space travel; matches episode metadata.
RR-24-The-Fantasy-of-Space-Colonization,tgs:PanelDiscussion.TGS_24_TomMurphy,RR24_chunk_52,topic_anchored,2525,2630,*Pale Blue Dot*,Tom Murphy,Person,0.97,"""So, Tom, earlier you gave a little bit of rundown on gravity"" — guest addressed by first name, matches episode metadata guest Tom Murphy."
RR-24-The-Fantasy-of-Space-Colonization,tgs:PanelDiscussion.TGS_24_TomMurphy,RR24_chunk_52,topic_anchored,2525,2630,*Pale Blue Dot*,DJ White,Person,0.6,"Not named in the chunk text itself; listed as guest in episode metadata and implied by host addressing ""you both""."
RR-24-The-Fantasy-of-Space-Colonization,tgs:PanelDiscussion.TGS_24_TomMurphy,RR24_chunk_52,topic_anchored,2525,2630,*Pale Blue Dot*,Earth,Location,0.95,"""traveling or living long term off of Earth"""
RR-24-The-Fantasy-of-Space-Colonization,tgs:PanelDiscussion.TGS_24_TomMurphy,RR24_chunk_52,topic_anchored,2525,2630,*Pale Blue Dot*,gravity,Concept,0.5,"""you gave a little bit of rundown on gravity and what that does to bones"" — generic scientific concept, may be too generic to mint."
RR-24-The-Fantasy-of-Space-Colonization,tgs:PanelDiscussion.TGS_24_TomMurphy,RR24_chunk_53_filler,filler,2630,2880,,Tom Murphy,Person,0.99,Speaker label; guest discussing radiation exposure in space
RR-24-The-Fantasy-of-Space-Colonization,tgs:PanelDiscussion.TGS_24_TomMurphy,RR24_chunk_53_filler,filler,2630,2880,,Nate Hagens,Person,0.99,Speaker label; host of the episode
RR-24-The-Fantasy-of-Space-Colonization,tgs:PanelDiscussion.TGS_24_TomMurphy,RR24_chunk_53_filler,filler,2630,2880,,DJ White,Person,0.97,Speaker label; adds psychological effects of isolation
RR-24-The-Fantasy-of-Space-Colonization,tgs:PanelDiscussion.TGS_24_TomMurphy,RR24_chunk_53_filler,filler,2630,2880,,Don,Person_NAME_VARIANT_CONFLICT,0.5,"Nate Hagens says 'Don, I don't know what more you could add to that' immediately before DJ White speaks — likely an ASR mis-rendering or an alternate/nickname for the guest labeled DJ White; conflicts with episode metadata"
RR-24-The-Fantasy-of-Space-Colonization,tgs:PanelDiscussion.TGS_24_TomMurphy,RR24_chunk_53_filler,filler,2630,2880,,Earth,Location,0.98,"'our typical radiation dose on earth', 'all of us here on Earth'"
RR-24-The-Fantasy-of-Space-Colonization,tgs:PanelDiscussion.TGS_24_TomMurphy,RR24_chunk_53_filler,filler,2630,2880,,International Space Station,Organization_Facility,0.97,"'on the International Space Station, that goes from two to somewhere like 150 to 250'"
RR-24-The-Fantasy-of-Space-Colonization,tgs:PanelDiscussion.TGS_24_TomMurphy,RR24_chunk_53_filler,filler,2630,2880,,Moon,Location,0.97,"'by the time you get to the moon surface or Mars surface, that's 300 per year'"
RR-24-The-Fantasy-of-Space-Colonization,tgs:PanelDiscussion.TGS_24_TomMurphy,RR24_chunk_53_filler,filler,2630,2880,,Mars,Location,0.97,'you'd have to be a caveman on Mars of the moon'
RR-24-The-Fantasy-of-Space-Colonization,tgs:PanelDiscussion.TGS_24_TomMurphy,RR24_chunk_53_filler,filler,2630,2880,,magnetosphere,Concept,0.92,"'the magnetosphere contributes a little bit, but it's mainly the thick atmosphere'"
RR-24-The-Fantasy-of-Space-Colonization,tgs:PanelDiscussion.TGS_24_TomMurphy,RR24_chunk_53_filler,filler,2630,2880,,cosmic rays,Concept,0.9,"'That's from cosmic rays. That's from, you know, coming from space'"
RR-24-The-Fantasy-of-Space-Colonization,tgs:PanelDiscussion.TGS_24_TomMurphy,RR24_chunk_53_filler,filler,2630,2880,,radon,Material,0.9,"'radioactive materials in the ground and in the air, like radon'"
RR-24-The-Fantasy-of-Space-Colonization,tgs:PanelDiscussion.TGS_24_TomMurphy,RR24_chunk_53_filler,filler,2630,2880,,sievert,Unit_Concept_LIKELY_ASR_ERROR,0.75,"Rendered variously as 'milli verts', 'seavert', 'seabird', 'Seavers' — all appear to be ASR corruptions of the radiation dose unit sievert/millisievert within the same chunk"
RR-24-The-Fantasy-of-Space-Colonization,tgs:PanelDiscussion.TGS_24_TomMurphy,RR24_chunk_53_filler,filler,2630,2880,,O'Neill colony,Concept_SpaceHabitatDesign,0.8,'if you do an O'Neill type colony out at asteroids and rotating shells' — refers to the O'Neill-style rotating space habitat concept
RR-24-The-Fantasy-of-Space-Colonization,tgs:PanelDiscussion.TGS_24_TomMurphy,RR24_chunk_53_filler,filler,2630,2880,,low earth orbit,Location_Concept,0.85,'you get people wanting to commit suicide in low earth orbit'
RR-24-The-Fantasy-of-Space-Colonization,tgs:PanelDiscussion.TGS_24_TomMurphy,RR24_chunk_54,topic_anchored,2880,3006,Psychological effects of isolation,Tom Murphy,Person,0.98,Speaker label 'Tom Murphy [48:28]' — matches episode metadata guest
RR-24-The-Fantasy-of-Space-Colonization,tgs:PanelDiscussion.TGS_24_TomMurphy,RR24_chunk_54,topic_anchored,2880,3006,Psychological effects of isolation,DJ White,Person,0.98,Speaker label 'DJ White [48:31]' — matches episode metadata guest
RR-24-The-Fantasy-of-Space-Colonization,tgs:PanelDiscussion.TGS_24_TomMurphy,RR24_chunk_54,topic_anchored,2880,3006,Psychological effects of isolation,Nate Hagens,Person,0.98,Speaker label 'Nate Hagens [49:00]' — episode host
RR-24-The-Fantasy-of-Space-Colonization,tgs:PanelDiscussion.TGS_24_TomMurphy,RR24_chunk_54,topic_anchored,2880,3006,Psychological effects of isolation,Mars,Location,0.95,"'if you're halfway to Mars or something like that, there is no turning around'"
RR-24-The-Fantasy-of-Space-Colonization,tgs:PanelDiscussion.TGS_24_TomMurphy,RR24_chunk_54,topic_anchored,2880,3006,Psychological effects of isolation,heroin,Material,0.85,'you're gonna need probably a lot of heroin and zip ties' — named substance in discussion of medicating isolated crew
RR-24-The-Fantasy-of-Space-Colonization,tgs:PanelDiscussion.TGS_24_TomMurphy,RR24_chunk_54,topic_anchored,2880,3006,Psychological effects of isolation,AI,Concept,0.8,'there's so much craziness going on in the world right now with AI and war'
RR-24-The-Fantasy-of-Space-Colonization,tgs:PanelDiscussion.TGS_24_TomMurphy,RR24_chunk_54,topic_anchored,2880,3006,Psychological effects of isolation,systems ecology,SchoolOfThought,0.6,"'I just miss talking to my earth centered, systems, ecology, friends' — phrasing is fragmented; may be two separate descriptors rather than one field name"
RR-24-The-Fantasy-of-Space-Colonization,tgs:PanelDiscussion.TGS_24_TomMurphy,RR24_chunk_54,topic_anchored,2880,3006,Psychological effects of isolation,PhD,Credential,0.7,"'I have a PhD, not, I'm in, not in either of your, IQ quotient league'"
RR-24-The-Fantasy-of-Space-Colonization,tgs:PanelDiscussion.TGS_24_TomMurphy,RR24_chunk_55_filler,filler,3006,3625,,DJ White,Person,0.97,Speaker label throughout; guest on the episode. Also addressed as 'Don' by Nate Hagens elsewhere in the chunk.
RR-24-The-Fantasy-of-Space-Colonization,tgs:PanelDiscussion.TGS_24_TomMurphy,RR24_chunk_55_filler,filler,3006,3625,,Nate Hagens,Person,0.98,"Host, speaker label throughout."
RR-24-The-Fantasy-of-Space-Colonization,tgs:PanelDiscussion.TGS_24_TomMurphy,RR24_chunk_55_filler,filler,3006,3625,,Tom Murphy,Person,0.98,"Guest, speaker label; author of the 'Do the Math' blog and physicist."
RR-24-The-Fantasy-of-Space-Colonization,tgs:PanelDiscussion.TGS_24_TomMurphy,RR24_chunk_55_filler,filler,3006,3625,,Don,Person_NAME_VARIANT_CONFLICT,0.5,"'Don do you have anything to add to that?' and 'Don in past years' — Nate addresses DJ White as 'Don', conflicting with the metadata name 'DJ White'. Possibly a nickname or ASR mishearing of 'DJ'."
RR-24-The-Fantasy-of-Space-Colonization,tgs:PanelDiscussion.TGS_24_TomMurphy,RR24_chunk_55_filler,filler,3006,3625,,generation ship,Concept,0.93,'can you explain... what a generation ship is' — central concept of the segment.
RR-24-The-Fantasy-of-Space-Colonization,tgs:PanelDiscussion.TGS_24_TomMurphy,RR24_chunk_55_filler,filler,3006,3625,,Santa Claus,Person_Fictional,0.85,'describing in exquisite detail what Santa Claus's workshop on the North Pole looks like' — used as an analogy for fantasy.
RR-24-The-Fantasy-of-Space-Colonization,tgs:PanelDiscussion.TGS_24_TomMurphy,RR24_chunk_55_filler,filler,3006,3625,,North Pole,Location,0.85,'Santa Claus's workshop on the North Pole'
RR-24-The-Fantasy-of-Space-Colonization,tgs:PanelDiscussion.TGS_24_TomMurphy,RR24_chunk_55_filler,filler,3006,3625,,Don't Look Up,Work_Publication,0.9,'I think about the don't look up movie' — film referenced as depicting a generation/stasis ship for elites.
RR-24-The-Fantasy-of-Space-Colonization,tgs:PanelDiscussion.TGS_24_TomMurphy,RR24_chunk_55_filler,filler,3006,3625,,Earth,Location,0.95,'we are somehow separable from earth'; 'exhaust the entire resources of Earth'
RR-24-The-Fantasy-of-Space-Colonization,tgs:PanelDiscussion.TGS_24_TomMurphy,RR24_chunk_55_filler,filler,3006,3625,,Honda,Organization,0.75,"'His old green Honda, that I've driven in' — cited as technology still working after 25 years."
RR-24-The-Fantasy-of-Space-Colonization,tgs:PanelDiscussion.TGS_24_TomMurphy,RR24_chunk_55_filler,filler,3006,3625,,Star Trek,Work_Publication,0.95,'all three of us were big fans of Star Trek'; source of warp drive and dilithium crystals references.
RR-24-The-Fantasy-of-Space-Colonization,tgs:PanelDiscussion.TGS_24_TomMurphy,RR24_chunk_55_filler,filler,3006,3625,,dilithium crystals,Concept,0.85,'di lithium crystals' / 'D Lithium crystals' — rendered inconsistently in the chunk; fictional Star Trek fuel component described as a MacGuffin.
RR-24-The-Fantasy-of-Space-Colonization,tgs:PanelDiscussion.TGS_24_TomMurphy,RR24_chunk_55_filler,filler,3006,3625,,warp drive,Concept,0.9,'warp drives or nuclear propulsion'; later 'you could forget things like warp drive'
RR-24-The-Fantasy-of-Space-Colonization,tgs:PanelDiscussion.TGS_24_TomMurphy,RR24_chunk_55_filler,filler,3006,3625,,Alfred Hitchcock,Person,0.93,'what Alfred Hitchcock called the McGuffin'
RR-24-The-Fantasy-of-Space-Colonization,tgs:PanelDiscussion.TGS_24_TomMurphy,RR24_chunk_55_filler,filler,3006,3625,,MacGuffin,Concept,0.85,'It's like a made up thing to move a plot along' — rendered 'McGuffin' in transcript.
RR-24-The-Fantasy-of-Space-Colonization,tgs:PanelDiscussion.TGS_24_TomMurphy,RR24_chunk_55_filler,filler,3006,3625,,anti-matter,Material,0.9,'They used it to channel flows of anti-matter... We actually make it regularly for medical scans'
RR-24-The-Fantasy-of-Space-Colonization,tgs:PanelDiscussion.TGS_24_TomMurphy,RR24_chunk_55_filler,filler,3006,3625,,Do the Math,Work_Publication,0.9,"'it's on the, do the math blog' — Tom Murphy's blog hosting the physicist survey."
RR-24-The-Fantasy-of-Space-Colonization,tgs:PanelDiscussion.TGS_24_TomMurphy,RR24_chunk_55_filler,filler,3006,3625,,Futuristic Physicists,Work_Publication,0.7,"'I think it's called futuristic Physicists or something like that' — blog post/survey title, speaker himself uncertain of exact name."
RR-24-The-Fantasy-of-Space-Colonization,tgs:PanelDiscussion.TGS_24_TomMurphy,RR24_chunk_55_filler,filler,3006,3625,,Mars,Location,0.95,'even things like Mars colony and colonizing and terraforming'; 'we can send something to Mars for a few hundred million dollars'
RR-24-The-Fantasy-of-Space-Colonization,tgs:PanelDiscussion.TGS_24_TomMurphy,RR24_chunk_55_filler,filler,3006,3625,,terraforming,Concept,0.85,'Mars colonies much less Mars terraforming. It's just fairy stories.'
RR-24-The-Fantasy-of-Space-Colonization,tgs:PanelDiscussion.TGS_24_TomMurphy,RR24_chunk_55_filler,filler,3006,3625,,teleportation,Concept,0.8,"'forget things like warp drive, teleportation, wormhole, travel'"
RR-24-The-Fantasy-of-Space-Colonization,tgs:PanelDiscussion.TGS_24_TomMurphy,RR24_chunk_55_filler,filler,3006,3625,,wormhole travel,Concept,0.75,"'wormhole, travel time, travel, artificial gravity' — transcript punctuation garbles the list of futuristic technologies."
RR-24-The-Fantasy-of-Space-Colonization,tgs:PanelDiscussion.TGS_24_TomMurphy,RR24_chunk_55_filler,filler,3006,3625,,artificial gravity,Concept,0.8,"'time, travel, artificial gravity, other than say, rotating'"
RR-24-The-Fantasy-of-Space-Colonization,tgs:PanelDiscussion.TGS_24_TomMurphy,RR24_chunk_55_filler,filler,3006,3625,,lunar colony,Concept,0.8,'not within 500 years would we expect to see a lunar colony'
RR-24-The-Fantasy-of-Space-Colonization,tgs:PanelDiscussion.TGS_24_TomMurphy,RR24_chunk_55_filler,filler,3006,3625,,Jupiter,Location,0.9,'sharp pictures of Jupiter's cloud belts'
RR-24-The-Fantasy-of-Space-Colonization,tgs:PanelDiscussion.TGS_24_TomMurphy,RR24_chunk_55_filler,filler,3006,3625,,sixth mass extinction,Event,0.85,'lead up and initiation of a six mass extinction' — rendered 'six mass extinction' in transcript.
RR-24-The-Fantasy-of-Space-Colonization,tgs:PanelDiscussion.TGS_24_TomMurphy,RR24_chunk_55_filler,filler,3006,3625,,biosphere,Concept,0.7,"'Hopefully, we'll still have a functioning biosphere'"
RR-24-The-Fantasy-of-Space-Colonization,tgs:PanelDiscussion.TGS_24_TomMurphy,RR24_chunk_55_filler,filler,3006,3625,,meat brains,Concept,0.75,'too complex for our meat brains as I call them' — Murphy's own coined phrase.
RR-24-The-Fantasy-of-Space-Colonization,tgs:PanelDiscussion.TGS_24_TomMurphy,RR24_chunk_55_filler,filler,3006,3625,,speed of light / lightspeed travel,Concept,0.7,"'often invokes, lightspeed or faster than Lightspeed travel'"
RR-24-The-Fantasy-of-Space-Colonization,tgs:PanelDiscussion.TGS_24_TomMurphy,RR24_chunk_55_filler,filler,3006,3625,,nuclear propulsion,Concept,0.8,"'warp drives or nuclear propulsion, or di lithium crystals'"
RR-24-The-Fantasy-of-Space-Colonization,tgs:PanelDiscussion.TGS_24_TomMurphy,RR24_chunk_56,topic_anchored,3625,3690,Sixth mass extinction,James Webb Space Telescope,Technology_Instrument_LIKELY_ASR_ERROR,0.9,"""images we're getting back from the James we, space telescope"" — rendered as 'James we, space telescope', almost certainly an ASR mangling of 'James Webb Space Telescope'."
RR-24-The-Fantasy-of-Space-Colonization,tgs:PanelDiscussion.TGS_24_TomMurphy,RR24_chunk_56,topic_anchored,3625,3690,Sixth mass extinction,Soviet Union,Organization_Nation,0.95,"""better than having a nuclear war with the Soviet Union, let's race to the moon"""
RR-24-The-Fantasy-of-Space-Colonization,tgs:PanelDiscussion.TGS_24_TomMurphy,RR24_chunk_56,topic_anchored,3625,3690,Sixth mass extinction,Moon,Location_CelestialBody,0.9,"""let's race to the moon"" and ""a moon mission"""
RR-24-The-Fantasy-of-Space-Colonization,tgs:PanelDiscussion.TGS_24_TomMurphy,RR24_chunk_56,topic_anchored,3625,3690,Sixth mass extinction,helium three,Material,0.95,"""we're not gonna be mining helium three. We don't even have fusion reactors that'll burn helium three yet"""
RR-24-The-Fantasy-of-Space-Colonization,tgs:PanelDiscussion.TGS_24_TomMurphy,RR24_chunk_56,topic_anchored,3625,3690,Sixth mass extinction,Tom,Person,0.85,"""the reflecting things that Tom has bounced lasers off of"" — refers to guest Tom Murphy per episode metadata; given here only as first name."
RR-24-The-Fantasy-of-Space-Colonization,tgs:PanelDiscussion.TGS_24_TomMurphy,RR24_chunk_56,topic_anchored,3625,3690,Sixth mass extinction,O'Neill colonies,Concept,0.9,"""back when I was college age... I was into O'Neill colonies"" — space habitat concept."
RR-24-The-Fantasy-of-Space-Colonization,tgs:PanelDiscussion.TGS_24_TomMurphy,RR24_chunk_56,topic_anchored,3625,3690,Sixth mass extinction,regolith,Material_LIKELY_ASR_ERROR,0.7,"""scrape off hundreds of square miles of the top regular"" — 'regular' is very likely an ASR error for 'regolith' (lunar surface material)."
RR-24-The-Fantasy-of-Space-Colonization,tgs:PanelDiscussion.TGS_24_TomMurphy,RR24_chunk_56,topic_anchored,3625,3690,Sixth mass extinction,bunkum,Concept_LIKELY_ASR_ERROR,0.5,"""That's just bunkers."" — 'bunkers' appears to be an ASR error for 'bunkum' (nonsense); flagged as corpus problem rather than treated as an entity."
RR-24-The-Fantasy-of-Space-Colonization,tgs:PanelDiscussion.TGS_24_TomMurphy,RR24_chunk_56,topic_anchored,3625,3690,Sixth mass extinction,fusion reactors,Technology,0.8,"""We don't even have fusion reactors that'll burn helium three yet"""
RR-24-The-Fantasy-of-Space-Colonization,tgs:PanelDiscussion.TGS_24_TomMurphy,RR24_chunk_56,topic_anchored,3625,3690,Sixth mass extinction,DJ White,Person,0.95,Speaker label for this chunk; guest named in episode metadata.
RR-24-The-Fantasy-of-Space-Colonization,tgs:PanelDiscussion.TGS_24_TomMurphy,RR24_chunk_59,topic_anchored,3765,4022,O'Neill cylinder,Tom Murphy,Person,0.98,Speaker label; guest on episode
RR-24-The-Fantasy-of-Space-Colonization,tgs:PanelDiscussion.TGS_24_TomMurphy,RR24_chunk_59,topic_anchored,3765,4022,O'Neill cylinder,Nate Hagens,Person,0.98,Speaker label; host
RR-24-The-Fantasy-of-Space-Colonization,tgs:PanelDiscussion.TGS_24_TomMurphy,RR24_chunk_59,topic_anchored,3765,4022,O'Neill cylinder,DJ White,Person,0.98,Speaker label; guest
RR-24-The-Fantasy-of-Space-Colonization,tgs:PanelDiscussion.TGS_24_TomMurphy,RR24_chunk_59,topic_anchored,3765,4022,O'Neill cylinder,Jacques Cousteau,Person,0.96,'all the places that Jacques Cousteau explored'
RR-24-The-Fantasy-of-Space-Colonization,tgs:PanelDiscussion.TGS_24_TomMurphy,RR24_chunk_59,topic_anchored,3765,4022,O'Neill cylinder,Sir Edmund Hillary,Person,0.96,'or Sir Edmund Hillary climbed'
RR-24-The-Fantasy-of-Space-Colonization,tgs:PanelDiscussion.TGS_24_TomMurphy,RR24_chunk_59,topic_anchored,3765,4022,O'Neill cylinder,Mars,Location,0.97,'sending a person off towards Mars'; 'fossil bacteria on Mars'
RR-24-The-Fantasy-of-Space-Colonization,tgs:PanelDiscussion.TGS_24_TomMurphy,RR24_chunk_59,topic_anchored,3765,4022,O'Neill cylinder,Venus,Location,0.95,'Venus probably had... too hot and high pressure'
RR-24-The-Fantasy-of-Space-Colonization,tgs:PanelDiscussion.TGS_24_TomMurphy,RR24_chunk_59,topic_anchored,3765,4022,O'Neill cylinder,Arthur Clark,Person_NAME_VARIANT_CONFLICT,0.8,"'had Arthur Clark writing about space elevators while funding my work' — likely Arthur C. Clarke; surname rendered without final 'e' and missing middle initial, possible transcription variant"
RR-24-The-Fantasy-of-Space-Colonization,tgs:PanelDiscussion.TGS_24_TomMurphy,RR24_chunk_59,topic_anchored,3765,4022,O'Neill cylinder,space elevators,Concept,0.85,'Arthur Clark writing about space elevators'
RR-24-The-Fantasy-of-Space-Colonization,tgs:PanelDiscussion.TGS_24_TomMurphy,RR24_chunk_59,topic_anchored,3765,4022,O'Neill cylinder,baiji,Species,0.85,"'the baiji in China, we had 'em there' — Yangtze river dolphin, described as now extinct"
RR-24-The-Fantasy-of-Space-Colonization,tgs:PanelDiscussion.TGS_24_TomMurphy,RR24_chunk_59,topic_anchored,3765,4022,O'Neill cylinder,China,Location,0.93,'the baiji in China'
RR-24-The-Fantasy-of-Space-Colonization,tgs:PanelDiscussion.TGS_24_TomMurphy,RR24_chunk_59,topic_anchored,3765,4022,O'Neill cylinder,big bang,Concept,0.8,"'the profundity of life and the big bang, the start of everything'"
RR-24-The-Fantasy-of-Space-Colonization,tgs:PanelDiscussion.TGS_24_TomMurphy,RR24_chunk_59,topic_anchored,3765,4022,O'Neill cylinder,dolphins,Species,0.8,"'I've introduced dolphins to computers, to learning computers'"
RR-24-The-Fantasy-of-Space-Colonization,tgs:PanelDiscussion.TGS_24_TomMurphy,RR24_chunk_59,topic_anchored,3765,4022,O'Neill cylinder,the moon,Location,0.75,'circling the moon with a flush toilet'
RR-24-The-Fantasy-of-Space-Colonization,tgs:PanelDiscussion.TGS_24_TomMurphy,RR24_chunk_59,topic_anchored,3765,4022,O'Neill cylinder,spaceship (Earth),Metaphor_Concept,0.7,"'realize we're on a spaceship'; 'the real profound stuff is here on the spaceship' — metaphorical reference to Earth, ties to episode title"
RR-24-The-Fantasy-of-Space-Colonization,tgs:PanelDiscussion.TGS_24_TomMurphy,RR24_chunk_59,topic_anchored,3765,4022,O'Neill cylinder,O'Neill cylinder,Concept,0.5,Curator-supplied chunk topic; not explicitly named in this transcript chunk text
RR-24-The-Fantasy-of-Space-Colonization,tgs:PanelDiscussion.TGS_24_TomMurphy,RR24_chunk_60_filler,filler,4022,4155,,Tom Murphy,Person,0.98,Speaker label; guest on the episode
RR-24-The-Fantasy-of-Space-Colonization,tgs:PanelDiscussion.TGS_24_TomMurphy,RR24_chunk_60_filler,filler,4022,4155,,DJ White,Person,0.97,Speaker label; guest on the episode
RR-24-The-Fantasy-of-Space-Colonization,tgs:PanelDiscussion.TGS_24_TomMurphy,RR24_chunk_60_filler,filler,4022,4155,,Nate Hagens,Person,0.98,Speaker label; host of the episode
RR-24-The-Fantasy-of-Space-Colonization,tgs:PanelDiscussion.TGS_24_TomMurphy,RR24_chunk_60_filler,filler,4022,4155,,Don,Person_NAME_VARIANT_CONFLICT,0.55,"Nate says 'Science tethered spiritual appeal there, Don' while addressing DJ White — likely DJ White's first name or an ASR variant; conflicts with the 'DJ White' rendering used in speaker labels"
RR-24-The-Fantasy-of-Space-Colonization,tgs:PanelDiscussion.TGS_24_TomMurphy,RR24_chunk_60_filler,filler,4022,4155,,Mars,Location,0.95,'trying to science the shit out of it on Mars and colonize outer space'
RR-24-The-Fantasy-of-Space-Colonization,tgs:PanelDiscussion.TGS_24_TomMurphy,RR24_chunk_60_filler,filler,4022,4155,,effective altruism,SchoolOfThought,0.9,'in a effective altruism long-term story'
RR-24-The-Fantasy-of-Space-Colonization,tgs:PanelDiscussion.TGS_24_TomMurphy,RR24_chunk_60_filler,filler,4022,4155,,Web of Life,Concept,0.85,'we evolved as part of the Web of Life'
RR-24-The-Fantasy-of-Space-Colonization,tgs:PanelDiscussion.TGS_24_TomMurphy,RR24_chunk_60_filler,filler,4022,4155,,tech singularity,Concept,0.85,'AI is part of the tech singularity'
RR-24-The-Fantasy-of-Space-Colonization,tgs:PanelDiscussion.TGS_24_TomMurphy,RR24_chunk_60_filler,filler,4022,4155,,AI,Technology,0.9,"'not that this is about ai, but AI is part of the tech singularity'"
RR-24-The-Fantasy-of-Space-Colonization,tgs:PanelDiscussion.TGS_24_TomMurphy,RR24_chunk_60_filler,filler,4022,4155,,IQ tests,Method_Instrument,0.7,"'nobody tries giving, IQ tests'"
RR-24-The-Fantasy-of-Space-Colonization,tgs:PanelDiscussion.TGS_24_TomMurphy,RR24_chunk_60_filler,filler,4022,4155,,citation friends,Concept_LIKELY_ASR_ERROR,0.3,"'you've shared a lot of other stories with me over the years about your citation friends' — in a conversation about dolphins, 'citation' is likely a mis-transcription (possibly 'cetacean friends')"
RR-24-The-Fantasy-of-Space-Colonization,tgs:PanelDiscussion.TGS_24_TomMurphy,RR24_chunk_60_filler,filler,4022,4155,,geophysics,Field_of_Study,0.8,'I'm a four year geophysics student'
RR-24-The-Fantasy-of-Space-Colonization,tgs:PanelDiscussion.TGS_24_TomMurphy,RR24_chunk_60_filler,filler,4022,4155,,jedi,FictionalReference,0.6,"'I didn't wanna do this kind of eco hero jedi crap' — casual pop-culture reference, lowercase in transcript"
RR-24-The-Fantasy-of-Space-Colonization,tgs:PanelDiscussion.TGS_24_TomMurphy,RR24_chunk_61,topic_anchored,4155,4247,Social comparison,Nate Hagens,Person,0.98,"Speaker label 'Nate Hagens [1:10:40]' — host of the episode, matches metadata."
RR-24-The-Fantasy-of-Space-Colonization,tgs:PanelDiscussion.TGS_24_TomMurphy,RR24_chunk_61,topic_anchored,4155,4247,Social comparison,DJ White,Person,0.98,"Speaker label 'DJ White [1:10:41]' — guest, matches metadata."
RR-24-The-Fantasy-of-Space-Colonization,tgs:PanelDiscussion.TGS_24_TomMurphy,RR24_chunk_61,topic_anchored,4155,4247,Social comparison,Science,Concept,0.4,'Science needs to change its priorities' — generic reference to science as an institution/enterprise rather than a specific named organization.
RR-24-The-Fantasy-of-Space-Colonization,tgs:PanelDiscussion.TGS_24_TomMurphy,RR24_chunk_62_filler,filler,4247,4405,,Tom Murphy,Person,0.98,Speaker label for the segment; guest named in episode metadata.
RR-24-The-Fantasy-of-Space-Colonization,tgs:PanelDiscussion.TGS_24_TomMurphy,RR24_chunk_62_filler,filler,4247,4405,,DJ White,Person,0.98,Speaker label; guest named in episode metadata.
RR-24-The-Fantasy-of-Space-Colonization,tgs:PanelDiscussion.TGS_24_TomMurphy,RR24_chunk_62_filler,filler,4247,4405,,Drake equation,Concept,0.92,"'and Drake equation, things like that' — invoked when discussing whether advanced intelligence is self-destructive."
RR-24-The-Fantasy-of-Space-Colonization,tgs:PanelDiscussion.TGS_24_TomMurphy,RR24_chunk_62_filler,filler,4247,4405,,Naya,Concept,0.8,"'Naya, the trillionth human child. I've named her.' — a named hypothetical/symbolic figure introduced by DJ White; could be read as Person but is a rhetorical construct."
RR-24-The-Fantasy-of-Space-Colonization,tgs:PanelDiscussion.TGS_24_TomMurphy,RR24_chunk_62_filler,filler,4247,4405,,Holocene,Concept,0.9,'the little slice of Holocene that gave us a boost' — geological epoch.
RR-24-The-Fantasy-of-Space-Colonization,tgs:PanelDiscussion.TGS_24_TomMurphy,RR24_chunk_62_filler,filler,4247,4405,,animism,SchoolOfThought,0.85,'an animistic kind of religion... away from that animistic past' — rendered adjectivally in the text; belief system prevalent for 99% of human presence.
RR-24-The-Fantasy-of-Space-Colonization,tgs:PanelDiscussion.TGS_24_TomMurphy,RR24_chunk_62_filler,filler,4247,4405,,space religion,Concept,0.8,'I think that this space religion is really very much a part of that same religious foundation' — Murphy's coinage for faith in space colonization.
RR-24-The-Fantasy-of-Space-Colonization,tgs:PanelDiscussion.TGS_24_TomMurphy,RR24_chunk_62_filler,filler,4247,4405,,sixth mass extinction,Event,0.85,"'why haven't they initiated a six mass extinction?' — transcript renders 'six' instead of 'sixth', likely transcription slip."
RR-24-The-Fantasy-of-Space-Colonization,tgs:PanelDiscussion.TGS_24_TomMurphy,RR24_chunk_62_filler,filler,4247,4405,,Earth,Location,0.95,'earth is ours to do with as we want'; 'a trillion human childhoods on planet Earth'.
RR-24-The-Fantasy-of-Space-Colonization,tgs:PanelDiscussion.TGS_24_TomMurphy,RR24_chunk_62_filler,filler,4247,4405,,earth trek,Concept,0.5,"'We can have an earth trek' — apparent play on 'Star Trek'; unclear phrasing, possibly an ASR mangling or an intentional coinage.','"
RR-24-The-Fantasy-of-Space-Colonization,tgs:PanelDiscussion.TGS_24_TomMurphy,RR24_chunk_62_filler,filler,4247,4405,,citations,Concept_LIKELY_ASR_ERROR,0.7,'dozens of species of citations developed cerebral cortices' — almost certainly 'cetaceans' misheard as 'citations'.
RR-24-The-Fantasy-of-Space-Colonization,tgs:PanelDiscussion.TGS_24_TomMurphy,RR24_chunk_62_filler,filler,4247,4405,,cerebral cortex,Concept,0.8,'cerebral cortices advanced that are larger than our own' — anatomical structure cited in comparison to humans.
RR-24-The-Fantasy-of-Space-Colonization,tgs:PanelDiscussion.TGS_24_TomMurphy,RR24_chunk_62_filler,filler,4247,4405,,dopamine,Material,0.85,"'getting our little, you know, dopamine and our tribal stimulations going on' — neurochemical named as driver of behavior."
RR-24-The-Fantasy-of-Space-Colonization,tgs:PanelDiscussion.TGS_24_TomMurphy,RR24_chunk_66,topic_anchored,4495,4600,Holocene,Nate Hagens,Person,0.98,"Host speaker label, asks about biophysical limits"
RR-24-The-Fantasy-of-Space-Colonization,tgs:PanelDiscussion.TGS_24_TomMurphy,RR24_chunk_66,topic_anchored,4495,4600,Holocene,Tom Murphy,Person,0.98,Guest speaker responding about biophysical limits and machines made of atoms
RR-24-The-Fantasy-of-Space-Colonization,tgs:PanelDiscussion.TGS_24_TomMurphy,RR24_chunk_66,topic_anchored,4495,4600,Holocene,COVID,Event,0.85,"'take somebody from 1960 and drop them into 2020. Pre COVID, let's say.' — refers to the pandemic"
RR-24-The-Fantasy-of-Space-Colonization,tgs:PanelDiscussion.TGS_24_TomMurphy,RR24_chunk_66,topic_anchored,4495,4600,Holocene,supersonic commercial flight,Technology,0.7,"'supersonic commercial flight, you know, just fell into the dust bin' — cited as an abandoned technology"
RR-24-The-Fantasy-of-Space-Colonization,tgs:PanelDiscussion.TGS_24_TomMurphy,RR24_chunk_66,topic_anchored,4495,4600,Holocene,biophysical limits,Concept,0.8,'when humanity finally hits biophysical limits that we can't overcome' — central concept of the exchange
RR-24-The-Fantasy-of-Space-Colonization,tgs:PanelDiscussion.TGS_24_TomMurphy,RR24_chunk_66,topic_anchored,4495,4600,Holocene,Holocene,Concept,0.5,Curator-supplied chunk topic; not actually named in this transcript chunk
RR-24-The-Fantasy-of-Space-Colonization,tgs:PanelDiscussion.TGS_24_TomMurphy,RR24_chunk_68_filler,filler,4735,4775,,DJ White,Person,0.95,Speaker label; guest on the episode
RR-24-The-Fantasy-of-Space-Colonization,tgs:PanelDiscussion.TGS_24_TomMurphy,RR24_chunk_68_filler,filler,4735,4775,,Nate Hagens,Person,0.97,Speaker label; host of the episode
RR-24-The-Fantasy-of-Space-Colonization,tgs:PanelDiscussion.TGS_24_TomMurphy,RR24_chunk_68_filler,filler,4735,4775,,carbon pulse,Concept,0.8,'we are cresting the carbon pulse' — recurring concept in this discourse
RR-24-The-Fantasy-of-Space-Colonization,tgs:PanelDiscussion.TGS_24_TomMurphy,RR24_chunk_68_filler,filler,4735,4775,,receding horizons,Concept,0.7,'you could say it's receding horizons' — named concept about ever-deferred technological promises
RR-24-The-Fantasy-of-Space-Colonization,tgs:PanelDiscussion.TGS_24_TomMurphy,RR24_chunk_68_filler,filler,4735,4775,,great wall of fu,Concept_LIKELY_ASR_ERROR,0.3,"'There's this great wall of fu that, that is, coming' — appears truncated/garbled; possibly 'great wall of fuel' or an expletive rendering; likely transcription error"
RR-24-The-Fantasy-of-Space-Colonization,tgs:PanelDiscussion.TGS_24_TomMurphy,RR24_chunk_68_filler,filler,4735,4775,,tech feudalism,Concept,0.75,'based on some of the tech feudalism and AI stories'
RR-24-The-Fantasy-of-Space-Colonization,tgs:PanelDiscussion.TGS_24_TomMurphy,RR24_chunk_68_filler,filler,4735,4775,,AI,Technology,0.8,'some of the tech feudalism and AI stories'
RR-24-The-Fantasy-of-Space-Colonization,tgs:PanelDiscussion.TGS_24_TomMurphy,RR24_chunk_68_filler,filler,4735,4775,,Earth,Location,0.85,'branching beyond earth is about preserving life itself'
RR-24-The-Fantasy-of-Space-Colonization,tgs:PanelDiscussion.TGS_24_TomMurphy,RR24_chunk_70,topic_anchored,4790,4898,Why are billionaires obsessed with space?,DJ White,Person,0.97,Speaker label 'DJ White [1:20:22]' — guest named in episode metadata.
RR-24-The-Fantasy-of-Space-Colonization,tgs:PanelDiscussion.TGS_24_TomMurphy,RR24_chunk_70,topic_anchored,4790,4898,Why are billionaires obsessed with space?,Tom Murphy,Person,0.97,Speaker label 'Tom Murphy [1:20:28]' — guest named in episode metadata.
RR-24-The-Fantasy-of-Space-Colonization,tgs:PanelDiscussion.TGS_24_TomMurphy,RR24_chunk_70,topic_anchored,4790,4898,Why are billionaires obsessed with space?,Nate Hagens,Person,0.97,Speaker label 'Nate Hagens [1:20:28]' — host named in episode metadata.
RR-24-The-Fantasy-of-Space-Colonization,tgs:PanelDiscussion.TGS_24_TomMurphy,RR24_chunk_70,topic_anchored,4790,4898,Why are billionaires obsessed with space?,myth of progress,Concept,0.8,'but it is this sort of myth of progress. It's what we're proud of' — named framing/idea discussed by Tom Murphy.
RR-24-The-Fantasy-of-Space-Colonization,tgs:PanelDiscussion.TGS_24_TomMurphy,RR24_chunk_70,topic_anchored,4790,4898,Why are billionaires obsessed with space?,arc,Concept_LIKELY_ASR_ERROR,0.45,"'this idea of having this arc, you know, that can preserve humanity' — almost certainly 'ark' (as in Noah's ark / space ark) misrendered as 'arc' by transcription."
RR-24-The-Fantasy-of-Space-Colonization,tgs:PanelDiscussion.TGS_24_TomMurphy,RR24_chunk_70,topic_anchored,4790,4898,Why are billionaires obsessed with space?,Earth,Location,0.85,'things might go so poorly on the earth' — the planet referenced as the current habitat.
RR-24-The-Fantasy-of-Space-Colonization,tgs:PanelDiscussion.TGS_24_TomMurphy,RR24_chunk_71_filler,filler,4898,4920,,Earth,Location,0.9,"""the leading billionaire proponent of this has explicitly said, fuck Earth"" — planet named directly"
RR-24-The-Fantasy-of-Space-Colonization,tgs:PanelDiscussion.TGS_24_TomMurphy,RR24_chunk_71_filler,filler,4898,4920,,Joseph Smith,Person,0.95,"""get back to, you know, Joseph Smith and reading with the magic goggles"" — religious founder invoked as analogy"
RR-24-The-Fantasy-of-Space-Colonization,tgs:PanelDiscussion.TGS_24_TomMurphy,RR24_chunk_71_filler,filler,4898,4920,,Nate,Person,0.9,"""I think Nate, you once called the tragedy of the energy investing commons"" — refers to host Nate Hagens; short-form given name"
RR-24-The-Fantasy-of-Space-Colonization,tgs:PanelDiscussion.TGS_24_TomMurphy,RR24_chunk_71_filler,filler,4898,4920,,tragedy of the energy investing commons,Concept,0.7,"""you once called the tragedy of the energy investing commons"" — named coinage attributed to Nate"
RR-24-The-Fantasy-of-Space-Colonization,tgs:PanelDiscussion.TGS_24_TomMurphy,RR24_chunk_71_filler,filler,4898,4920,,deep time,Concept,0.45,"""any actual desire for deep time survival of earth species"" — used as a conceptual frame"
RR-24-The-Fantasy-of-Space-Colonization,tgs:PanelDiscussion.TGS_24_TomMurphy,RR24_chunk_72,topic_anchored,4920,5005,"Joseph Smith's ""spectacles""",Tom Murphy,Person,0.98,Speaker label for the transcript chunk; matches episode metadata guest 'Tom Murphy'.
RR-24-The-Fantasy-of-Space-Colonization,tgs:PanelDiscussion.TGS_24_TomMurphy,RR24_chunk_72,topic_anchored,4920,5005,"Joseph Smith's ""spectacles""",COVID,Event,0.92,"'after the supply chain disruptions from COVID, it was really hard to build a successful unit' — shorthand for the pandemic."
RR-24-The-Fantasy-of-Space-Colonization,tgs:PanelDiscussion.TGS_24_TomMurphy,RR24_chunk_72,topic_anchored,4920,5005,"Joseph Smith's ""spectacles""",airplane detector,Technology_Invention,0.6,"'I invented an airplane detector as part of my, you know, laser ranging job' — a device the speaker built; not a formal product name, so may not be a mintable entity."
RR-24-The-Fantasy-of-Space-Colonization,tgs:PanelDiscussion.TGS_24_TomMurphy,RR24_chunk_72,topic_anchored,4920,5005,"Joseph Smith's ""spectacles""",laser ranging,Concept,0.55,"'as part of my, you know, laser ranging job' — describes the speaker's scientific work rather than a named organization or project."
RR-24-The-Fantasy-of-Space-Colonization,tgs:PanelDiscussion.TGS_24_TomMurphy,RR24_chunk_73,topic_anchored,5005,5051,Tom Murphy's Aircraft Avoidance Systems,Nate Hagens,Person,0.98,Speaker label 'Nate Hagens [1:24:09]'; host of the episode per metadata.
RR-24-The-Fantasy-of-Space-Colonization,tgs:PanelDiscussion.TGS_24_TomMurphy,RR24_chunk_73,topic_anchored,5005,5051,Tom Murphy's Aircraft Avoidance Systems,Tom,Person,0.9,"'maybe you come back, Tom, and we talk about that' — almost certainly guest Tom Murphy named in episode metadata; short-form reference."
RR-24-The-Fantasy-of-Space-Colonization,tgs:PanelDiscussion.TGS_24_TomMurphy,RR24_chunk_73,topic_anchored,5005,5051,Tom Murphy's Aircraft Avoidance Systems,Don,Person_NAME_VARIANT_CONFLICT,0.45,"'who are maybe Don like you were when you were in your twenties' — the only other guest in metadata is 'DJ White', so 'Don' may be an ASR mishearing of 'DJ' or a different rendering of the same person; flagged for review."
RR-24-The-Fantasy-of-Space-Colonization,tgs:PanelDiscussion.TGS_24_TomMurphy,RR24_chunk_73,topic_anchored,5005,5051,Tom Murphy's Aircraft Avoidance Systems,endocrine disrupting chemicals,Concept,0.9,'with endocrine disrupting chemicals and the demographic changes' — named topic/class of substances.
RR-24-The-Fantasy-of-Space-Colonization,tgs:PanelDiscussion.TGS_24_TomMurphy,RR24_chunk_73,topic_anchored,5005,5051,Tom Murphy's Aircraft Avoidance Systems,total fertility,Concept,0.8,'two thirds of the countries in the world are below replacement rate... on their total fertility' — demographic metric.
RR-24-The-Fantasy-of-Space-Colonization,tgs:PanelDiscussion.TGS_24_TomMurphy,RR24_chunk_73,topic_anchored,5005,5051,Tom Murphy's Aircraft Avoidance Systems,replacement rate,Concept,0.8,'below replacement rate' — demographic threshold discussed alongside total fertility.
RR-24-The-Fantasy-of-Space-Colonization,tgs:PanelDiscussion.TGS_24_TomMurphy,RR24_chunk_73,topic_anchored,5005,5051,Tom Murphy's Aircraft Avoidance Systems,space exploration,Concept,0.85,'enthused by the idea of space exploration and even going to space themselves' — central episode theme.
RR-24-The-Fantasy-of-Space-Colonization,tgs:PanelDiscussion.TGS_24_TomMurphy,RR24_chunk_74,topic_anchored,5051,5257,"Endocrine disruptors, fertility decline, peak population",DJ White,Person,0.97,Speaker label for this segment; also listed as guest in episode metadata.
RR-24-The-Fantasy-of-Space-Colonization,tgs:PanelDiscussion.TGS_24_TomMurphy,RR24_chunk_74,topic_anchored,5051,5257,"Endocrine disruptors, fertility decline, peak population",Nate,Person,0.9,"""Nate's got a pretty good audience now"" — refers to host Nate Hagens; short-form first-name rendering of the host."
RR-24-The-Fantasy-of-Space-Colonization,tgs:PanelDiscussion.TGS_24_TomMurphy,RR24_chunk_74,topic_anchored,5051,5257,"Endocrine disruptors, fertility decline, peak population",Mars,Location,0.95,"""who the hell are these guys to say, we're not going to Mars"" — planet referenced in space colonization discussion."
RR-24-The-Fantasy-of-Space-Colonization,tgs:PanelDiscussion.TGS_24_TomMurphy,RR24_chunk_74,topic_anchored,5051,5257,"Endocrine disruptors, fertility decline, peak population",environmental movement,SocialMovement,0.8,"""the environmental movement has failed by any reasonable measure"" — named movement critiqued by the speaker."
RR-24-The-Fantasy-of-Space-Colonization,tgs:PanelDiscussion.TGS_24_TomMurphy,RR24_chunk_74,topic_anchored,5051,5257,"Endocrine disruptors, fertility decline, peak population",environmentalist,Concept,0.7,"""I haven't called myself an environmentalist in a long time... the word environmentalist implies that it's here for us to use up"" — label/identity term discussed explicitly."
RR-24-The-Fantasy-of-Space-Colonization,tgs:PanelDiscussion.TGS_24_TomMurphy,RR24_chunk_74,topic_anchored,5051,5257,"Endocrine disruptors, fertility decline, peak population",eco interventionist,Concept,0.75,"""I'm an eco interventionist or whatever you wanna say"" — self-coined self-description offered as alternative to environmentalist."
RR-24-The-Fantasy-of-Space-Colonization,tgs:PanelDiscussion.TGS_24_TomMurphy,RR24_chunk_74,topic_anchored,5051,5257,"Endocrine disruptors, fertility decline, peak population",ecology movement,SocialMovement,0.75,"""Ecology movement in which humans are one bit of a big, beautiful, overall balanced thing... try and build a new ecology movement"" — proposed movement named by speaker."
RR-24-The-Fantasy-of-Space-Colonization,tgs:PanelDiscussion.TGS_24_TomMurphy,RR24_chunk_75_filler,filler,5257,5530,,Tom Murphy,Person,0.98,"Speaker label 'Tom Murphy [1:27:37]', guest on the episode"
RR-24-The-Fantasy-of-Space-Colonization,tgs:PanelDiscussion.TGS_24_TomMurphy,RR24_chunk_75_filler,filler,5257,5530,,Nate Hagens,Person,0.98,"Speaker label 'Nate Hagens [1:30:24]', host"
RR-24-The-Fantasy-of-Space-Colonization,tgs:PanelDiscussion.TGS_24_TomMurphy,RR24_chunk_75_filler,filler,5257,5530,,DJ White,Person,0.95,"Speaker label 'DJ White [1:31:05]'; Nate addresses him as 'Don', a possible name variant/nickname for the same person"
RR-24-The-Fantasy-of-Space-Colonization,tgs:PanelDiscussion.TGS_24_TomMurphy,RR24_chunk_75_filler,filler,5257,5530,,Don,Person_NAME_VARIANT_CONFLICT,0.6,"'Don, I'm gonna give you the closing word. my old friend and co-writer of, three books' — appears to refer to the guest labeled DJ White; name rendered differently in same chunk"
RR-24-The-Fantasy-of-Space-Colonization,tgs:PanelDiscussion.TGS_24_TomMurphy,RR24_chunk_75_filler,filler,5257,5530,,Mars,Location,0.95,"'drop the skyscrapers on Mars, stupidity'"
RR-24-The-Fantasy-of-Space-Colonization,tgs:PanelDiscussion.TGS_24_TomMurphy,RR24_chunk_75_filler,filler,5257,5530,,Europa,Location,0.95,'we thought that those noises were on Europa. There would be a trillion dollar project'
RR-24-The-Fantasy-of-Space-Colonization,tgs:PanelDiscussion.TGS_24_TomMurphy,RR24_chunk_75_filler,filler,5257,5530,,Orion nuclear rocket,Technology,0.85,'let's build an Orion nuclear rocket to get us to Europa'
RR-24-The-Fantasy-of-Space-Colonization,tgs:PanelDiscussion.TGS_24_TomMurphy,RR24_chunk_75_filler,filler,5257,5530,,animism,SchoolOfThought,0.85,'Look into things like animism belief systems that might better to living in as part of a world'
RR-24-The-Fantasy-of-Space-Colonization,tgs:PanelDiscussion.TGS_24_TomMurphy,RR24_chunk_75_filler,filler,5257,5530,,humpback whale,Species,0.9,'I've stood in the surf with my arms around a young humpback whale'
RR-24-The-Fantasy-of-Space-Colonization,tgs:PanelDiscussion.TGS_24_TomMurphy,RR24_chunk_75_filler,filler,5257,5530,,intercontinental ballistic missiles,Technology,0.8,"'we've turned these things into corset stays and dog food and oil for, inter intercontinental ballistic missiles'"
RR-24-The-Fantasy-of-Space-Colonization,tgs:PanelDiscussion.TGS_24_TomMurphy,RR24_chunk_75_filler,filler,5257,5530,,Earth,Location,0.7,'rather than trying to master this earth that we live on' — referred to generically as 'this earth'
RR-24-The-Fantasy-of-Space-Colonization,tgs:PanelDiscussion.TGS_24_TomMurphy,RR24_chunk_76,topic_anchored,5530,5660,Cetacean hunting,Tom Murphy,Person,0.97,Speaker label 'Tom Murphy [1:33:34]'; matches episode metadata guest.
RR-24-The-Fantasy-of-Space-Colonization,tgs:PanelDiscussion.TGS_24_TomMurphy,RR24_chunk_76,topic_anchored,5530,5660,Cetacean hunting,Don,Person_NAME_VARIANT_CONFLICT,0.4,"'Even before Don mentioned giving comfort and talking to this young whale who's dying' — no 'Don' appears in episode metadata; likely refers to co-guest DJ White (possible ASR mishearing of 'DJ' or a nickname), so flagged as a name conflict."
RR-24-The-Fantasy-of-Space-Colonization,tgs:PanelDiscussion.TGS_24_TomMurphy,RR24_chunk_76,topic_anchored,5530,5660,Cetacean hunting,human supremacy,Concept,0.8,'can hugely heal this kind of human supremacy that we've assumed upon ourselves' — named as a concept the speaker critiques.
RR-24-The-Fantasy-of-Space-Colonization,tgs:PanelDiscussion.TGS_24_TomMurphy,RR24_chunk_77_filler,filler,5660,5715,,DJ White,Person,0.97,Speaker label 'DJ White [1:34:20]: Amen.' — listed as a guest in episode metadata.
RR-24-The-Fantasy-of-Space-Colonization,tgs:PanelDiscussion.TGS_24_TomMurphy,RR24_chunk_77_filler,filler,5660,5715,,Nate Hagens,Person,0.98,"Speaker label 'Nate Hagens [1:34:22]' — host of the episode, thanking the guests."
RR-24-The-Fantasy-of-Space-Colonization,tgs:PanelDiscussion.TGS_24_TomMurphy,RR24_chunk_77_filler,filler,5660,5715,,Earth,Location,0.9,"'this traveling spaceship, this blue-green Earth at the same time' — the planet referred to as a spaceship."
Frankly-145-How-to-Think-About-the-Future-Part-3,tgs:Monologue.TGS_145_HowtoThinkAbouttheFuturePart3,Frankly145_chunk_01,topic_anchored,0,20,"How to Think About the Future Series: Part 1, Part 2 | Essay version of this Frankly",Nate Hagens,Person,0.98,Host/speaker label: 'Nate Hagens [00:00]: Good morning. This is part three of how to think about the future'
Frankly-145-How-to-Think-About-the-Future-Part-3,tgs:Monologue.TGS_145_HowtoThinkAbouttheFuturePart3,Frankly145_chunk_01,topic_anchored,0,20,"How to Think About the Future Series: Part 1, Part 2 | Essay version of this Frankly",Conrad Waddington,Person,0.96,"'In the 1950s, a developmental biologist named Conrad Waddington was trying to understand how a single cell...becomes an entire organism.'"
Frankly-145-How-to-Think-About-the-Future-Part-3,tgs:Monologue.TGS_145_HowtoThinkAbouttheFuturePart3,Frankly145_chunk_01,topic_anchored,0,20,"How to Think About the Future Series: Part 1, Part 2 | Essay version of this Frankly",Waddington landscape,Concept,0.7,'Waddington imagined all this as a landscape. Picture a ball sitting at the top of a series of rolling hills and valleys.' — concept named descriptively rather than by formal label
Frankly-145-How-to-Think-About-the-Future-Part-3,tgs:Monologue.TGS_145_HowtoThinkAbouttheFuturePart3,Frankly145_chunk_01,topic_anchored,0,20,"How to Think About the Future Series: Part 1, Part 2 | Essay version of this Frankly",Ugo Bardi,Person,0.95,"'something my friend in Italy, Ugo Bardi, calls the Seneca effect'"
Frankly-145-How-to-Think-About-the-Future-Part-3,tgs:Monologue.TGS_145_HowtoThinkAbouttheFuturePart3,Frankly145_chunk_01,topic_anchored,0,20,"How to Think About the Future Series: Part 1, Part 2 | Essay version of this Frankly",Seneca effect,Concept,0.93,"'the Seneca effect, where things grow slowly and collapse suddenly' — attributed to Ugo Bardi"
Frankly-145-How-to-Think-About-the-Future-Part-3,tgs:Monologue.TGS_145_HowtoThinkAbouttheFuturePart3,Frankly145_chunk_01,topic_anchored,0,20,"How to Think About the Future Series: Part 1, Part 2 | Essay version of this Frankly",The Great Simplification,Organization,0.9,"'at the core of the work of The Great Simplification, and our outreach and the information and the community' — the podcast/channel/project name"
Frankly-145-How-to-Think-About-the-Future-Part-3,tgs:Monologue.TGS_145_HowtoThinkAbouttheFuturePart3,Frankly145_chunk_01,topic_anchored,0,20,"How to Think About the Future Series: Part 1, Part 2 | Essay version of this Frankly",Italy,Location,0.9,"'my friend in Italy, Ugo Bardi'"
Frankly-145-How-to-Think-About-the-Future-Part-3,tgs:Monologue.TGS_145_HowtoThinkAbouttheFuturePart3,Frankly145_chunk_01,topic_anchored,0,20,"How to Think About the Future Series: Part 1, Part 2 | Essay version of this Frankly",Malawi,Location,0.95,'A farmer in Malawi or a software engineer in San Francisco are all standing in very different parts of the landscape.'
Frankly-145-How-to-Think-About-the-Future-Part-3,tgs:Monologue.TGS_145_HowtoThinkAbouttheFuturePart3,Frankly145_chunk_01,topic_anchored,0,20,"How to Think About the Future Series: Part 1, Part 2 | Essay version of this Frankly",San Francisco,Location,0.95,'what counts as uphill from a farmhouse in Malawi looks very different from what counts as uphill from an office in San Francisco'
Frankly-145-How-to-Think-About-the-Future-Part-3,tgs:Monologue.TGS_145_HowtoThinkAbouttheFuturePart3,Frankly145_chunk_01,topic_anchored,0,20,"How to Think About the Future Series: Part 1, Part 2 | Essay version of this Frankly",Minnesota,Location,0.95,"'in Minnesota, the Land of 10,000 Lakes'"
Frankly-145-How-to-Think-About-the-Future-Part-3,tgs:Monologue.TGS_145_HowtoThinkAbouttheFuturePart3,Frankly145_chunk_01,topic_anchored,0,20,"How to Think About the Future Series: Part 1, Part 2 | Essay version of this Frankly","Land of 10,000 Lakes",Nickname_Place,0.85,"'in Minnesota, the Land of 10,000 Lakes' — epithet for Minnesota"
Frankly-145-How-to-Think-About-the-Future-Part-3,tgs:Monologue.TGS_145_HowtoThinkAbouttheFuturePart3,Frankly145_chunk_01,topic_anchored,0,20,"How to Think About the Future Series: Part 1, Part 2 | Essay version of this Frankly",California,Location,0.92,'A redwood tree in California spends centuries pulling water hundreds of feet up against gravity'
Frankly-145-How-to-Think-About-the-Future-Part-3,tgs:Monologue.TGS_145_HowtoThinkAbouttheFuturePart3,Frankly145_chunk_01,topic_anchored,0,20,"How to Think About the Future Series: Part 1, Part 2 | Essay version of this Frankly",Roman Empire,Historical_Entity,0.93,'such as the slow erosion of the Roman Empire'
Frankly-145-How-to-Think-About-the-Future-Part-3,tgs:Monologue.TGS_145_HowtoThinkAbouttheFuturePart3,Frankly145_chunk_01,topic_anchored,0,20,"How to Think About the Future Series: Part 1, Part 2 | Essay version of this Frankly",Peru,Location,0.85,"'Modern examples were Peru in, in the 1990s and Tunisia, a few years back' — cited as a case of democratic-to-authoritarian transition"
Frankly-145-How-to-Think-About-the-Future-Part-3,tgs:Monologue.TGS_145_HowtoThinkAbouttheFuturePart3,Frankly145_chunk_01,topic_anchored,0,20,"How to Think About the Future Series: Part 1, Part 2 | Essay version of this Frankly",Tunisia,Location,0.88,"'Modern examples were Peru in, in the 1990s and Tunisia, a few years back'"
Frankly-145-How-to-Think-About-the-Future-Part-3,tgs:Monologue.TGS_145_HowtoThinkAbouttheFuturePart3,Frankly145_chunk_01,topic_anchored,0,20,"How to Think About the Future Series: Part 1, Part 2 | Essay version of this Frankly",How to Think About the Future (Part 1),Work_Publication,0.8,"'In part one, we talked about how to hold the future as a landscape of possibilities' — prior episode in the series"
Frankly-145-How-to-Think-About-the-Future-Part-3,tgs:Monologue.TGS_145_HowtoThinkAbouttheFuturePart3,Frankly145_chunk_01,topic_anchored,0,20,"How to Think About the Future Series: Part 1, Part 2 | Essay version of this Frankly",How to Think About the Future (Part 2),Work_Publication,0.8,"'in part two, we built four grids of variables that will be core components in shaping the future'"
Frankly-145-How-to-Think-About-the-Future-Part-3,tgs:Monologue.TGS_145_HowtoThinkAbouttheFuturePart3,Frankly145_chunk_01,topic_anchored,0,20,"How to Think About the Future Series: Part 1, Part 2 | Essay version of this Frankly",How to Think About the Future (Part 4),Work_Publication,0.75,"'In part four, the next video, I'm gonna combine sections of those four grids into composite worlds' — forthcoming episode"
Frankly-145-How-to-Think-About-the-Future-Part-3,tgs:Monologue.TGS_145_HowtoThinkAbouttheFuturePart3,Frankly145_chunk_01,topic_anchored,0,20,"How to Think About the Future Series: Part 1, Part 2 | Essay version of this Frankly",Energy descent,Concept,0.75,"'Energy descent, climate change, biodiversity loss, and much more are all actively reshaping the valley'"
Frankly-145-How-to-Think-About-the-Future-Part-3,tgs:Monologue.TGS_145_HowtoThinkAbouttheFuturePart3,Frankly145_chunk_01,topic_anchored,0,20,"How to Think About the Future Series: Part 1, Part 2 | Essay version of this Frankly",Climate change,Concept,0.8,"'Energy descent, climate change, biodiversity loss...are all actively reshaping the valley as we proceed through it'"
Frankly-145-How-to-Think-About-the-Future-Part-3,tgs:Monologue.TGS_145_HowtoThinkAbouttheFuturePart3,Frankly145_chunk_01,topic_anchored,0,20,"How to Think About the Future Series: Part 1, Part 2 | Essay version of this Frankly",Biodiversity loss,Concept,0.75,"'Energy descent, climate change, biodiversity loss, and much more'"
Frankly-145-How-to-Think-About-the-Future-Part-3,tgs:Monologue.TGS_145_HowtoThinkAbouttheFuturePart3,Frankly145_chunk_01,topic_anchored,0,20,"How to Think About the Future Series: Part 1, Part 2 | Essay version of this Frankly",Switchbacks,Concept,0.85,"'We can create switchbacks, use physical or social technology to carve paths up ridges' — one of four named terms to carry through the series"
Frankly-145-How-to-Think-About-the-Future-Part-3,tgs:Monologue.TGS_145_HowtoThinkAbouttheFuturePart3,Frankly145_chunk_01,topic_anchored,0,20,"How to Think About the Future Series: Part 1, Part 2 | Essay version of this Frankly",Erosion,Concept,0.8,"'we can erode the trail through actions or just through plain neglect' / 'Valleys, ridges, switchbacks, and erosion. Hold onto those ideas.'"
Frankly-145-How-to-Think-About-the-Future-Part-3,tgs:Monologue.TGS_145_HowtoThinkAbouttheFuturePart3,Frankly145_chunk_01,topic_anchored,0,20,"How to Think About the Future Series: Part 1, Part 2 | Essay version of this Frankly",Valleys,Concept,0.8,"'valleys, which are the stable states where systems settle and reinforce themselves' — named framework term"
Frankly-145-How-to-Think-About-the-Future-Part-3,tgs:Monologue.TGS_145_HowtoThinkAbouttheFuturePart3,Frankly145_chunk_01,topic_anchored,0,20,"How to Think About the Future Series: Part 1, Part 2 | Essay version of this Frankly",Ridges,Concept,0.8,"'hills, or more technically ridges, which are the barriers between these valleys'"
Frankly-145-How-to-Think-About-the-Future-Part-3,tgs:Monologue.TGS_145_HowtoThinkAbouttheFuturePart3,Frankly145_chunk_01,topic_anchored,0,20,"How to Think About the Future Series: Part 1, Part 2 | Essay version of this Frankly",Uphill futures,Concept,0.8,'Uphill futures are the ones that require sustained effort to climb towards and sustained effort to stay in once we arrive there'
Frankly-145-How-to-Think-About-the-Future-Part-3,tgs:Monologue.TGS_145_HowtoThinkAbouttheFuturePart3,Frankly145_chunk_01,topic_anchored,0,20,"How to Think About the Future Series: Part 1, Part 2 | Essay version of this Frankly",Downhill futures,Concept,0.75,"'by downhill I mean the path of least resistance, the future that current momentum and present incentives already favor'"
Frankly-145-How-to-Think-About-the-Future-Part-3,tgs:Monologue.TGS_145_HowtoThinkAbouttheFuturePart3,Frankly145_chunk_01,topic_anchored,0,20,"How to Think About the Future Series: Part 1, Part 2 | Essay version of this Frankly",Algal blooms,Phenomenon,0.8,"'the lake might even flip, via algal blooms' — lake regime shift example"
Frankly-145-How-to-Think-About-the-Future-Part-3,tgs:Monologue.TGS_145_HowtoThinkAbouttheFuturePart3,Frankly145_chunk_01,topic_anchored,0,20,"How to Think About the Future Series: Part 1, Part 2 | Essay version of this Frankly",Shortfall risks,Concept,0.7,"'In part one, we talked about how to hold the future as a landscape of possibilities, coupled systems and phase shifts and shortfall risks.'"
Frankly-145-How-to-Think-About-the-Future-Part-3,tgs:Monologue.TGS_145_HowtoThinkAbouttheFuturePart3,Frankly145_chunk_01,topic_anchored,0,20,"How to Think About the Future Series: Part 1, Part 2 | Essay version of this Frankly",Phase shifts,Concept,0.7,'coupled systems and phase shifts and shortfall risks' — recap of part one concepts
Frankly-145-How-to-Think-About-the-Future-Part-3,tgs:Monologue.TGS_145_HowtoThinkAbouttheFuturePart3,Frankly145_chunk_01,topic_anchored,0,20,"How to Think About the Future Series: Part 1, Part 2 | Essay version of this Frankly",Composite worlds,Concept,0.75,'I walk through four composite worlds I've come up with' — framework device for part four
